url,source,category
https://www.google.com,TopSites,Technology
https://www.google.com/about,TopSites,Technology
https://www.google.com/contact,TopSites,Technology
https://www.google.com/help,TopSites,Technology
https://www.google.com/support,TopSites,Technology
https://www.google.com/login,TopSites,Technology
https://www.google.com/signup,TopSites,Technology
https://www.google.com/products,TopSites,Technology
https://www.google.com/services,TopSites,Technology
https://www.github.com,TopSites,Technology
https://www.github.com/about,TopSites,Technology
https://www.github.com/contact,TopSites,Technology
https://www.github.com/help,TopSites,Technology
https://www.github.com/support,TopSites,Technology
https://www.github.com/login,TopSites,Technology
https://www.github.com/signup,TopSites,Technology
https://www.github.com/products,TopSites,Technology
https://www.github.com/services,TopSites,Technology
https://www.stackoverflow.com,TopSites,Other
https://www.stackoverflow.com/about,TopSites,Other
https://www.stackoverflow.com/contact,TopSites,Other
https://www.stackoverflow.com/help,TopSites,Other
https://www.stackoverflow.com/support,TopSites,Other
https://www.stackoverflow.com/login,TopSites,Other
https://www.stackoverflow.com/signup,TopSites,Other
https://www.stackoverflow.com/products,TopSites,Other
https://www.stackoverflow.com/services,TopSites,Other
https://www.microsoft.com,TopSites,Technology
https://www.microsoft.com/about,TopSites,Technology
https://www.microsoft.com/contact,TopSites,Technology
https://www.microsoft.com/help,TopSites,Technology
https://www.microsoft.com/support,TopSites,Technology
https://www.microsoft.com/login,TopSites,Technology
https://www.microsoft.com/signup,TopSites,Technology
https://www.microsoft.com/products,TopSites,Technology
https://www.microsoft.com/services,TopSites,Technology
https://www.apple.com,TopSites,Technology
https://www.apple.com/about,TopSites,Technology
https://www.apple.com/contact,TopSites,Technology
https://www.apple.com/help,TopSites,Technology
https://www.apple.com/support,TopSites,Technology
https://www.apple.com/login,TopSites,Technology
https://www.apple.com/signup,TopSites,Technology
https://www.apple.com/products,TopSites,Technology
https://www.apple.com/services,TopSites,Technology
https://www.amazon.com,TopSites,E-commerce
https://www.amazon.com/about,TopSites,E-commerce
https://www.amazon.com/contact,TopSites,E-commerce
https://www.amazon.com/help,TopSites,E-commerce
https://www.amazon.com/support,TopSites,E-commerce
https://www.amazon.com/login,TopSites,E-commerce
https://www.amazon.com/signup,TopSites,E-commerce
https://www.amazon.com/products,TopSites,E-commerce
https://www.amazon.com/services,TopSites,E-commerce
https://www.netflix.com,TopSites,Other
https://www.netflix.com/about,TopSites,Other
https://www.netflix.com/contact,TopSites,Other
https://www.netflix.com/help,TopSites,Other
https://www.netflix.com/support,TopSites,Other
https://www.netflix.com/login,TopSites,Other
https://www.netflix.com/signup,TopSites,Other
https://www.netflix.com/products,TopSites,Other
https://www.netflix.com/services,TopSites,Other
https://www.spotify.com,TopSites,Other
https://www.spotify.com/about,TopSites,Other
https://www.spotify.com/contact,TopSites,Other
https://www.spotify.com/help,TopSites,Other
https://www.spotify.com/support,TopSites,Other
https://www.spotify.com/login,TopSites,Other
https://www.spotify.com/signup,TopSites,Other
https://www.spotify.com/products,TopSites,Other
https://www.spotify.com/services,TopSites,Other
https://www.youtube.com,TopSites,Other
https://www.youtube.com/about,TopSites,Other
https://www.youtube.com/contact,TopSites,Other
https://www.youtube.com/help,TopSites,Other
https://www.youtube.com/support,TopSites,Other
https://www.youtube.com/login,TopSites,Other
https://www.youtube.com/signup,TopSites,Other
https://www.youtube.com/products,TopSites,Other
https://www.youtube.com/services,TopSites,Other
https://www.facebook.com,TopSites,Other
https://www.facebook.com/about,TopSites,Other
https://www.facebook.com/contact,TopSites,Other
https://www.facebook.com/help,TopSites,Other
https://www.facebook.com/support,TopSites,Other
https://www.facebook.com/login,TopSites,Other
https://www.facebook.com/signup,TopSites,Other
https://www.facebook.com/products,TopSites,Other
https://www.facebook.com/services,TopSites,Other
https://www.twitter.com,TopSites,Other
https://www.twitter.com/about,TopSites,Other
https://www.twitter.com/contact,TopSites,Other
https://www.twitter.com/help,TopSites,Other
https://www.twitter.com/support,TopSites,Other
https://www.twitter.com/login,TopSites,Other
https://www.twitter.com/signup,TopSites,Other
https://www.twitter.com/products,TopSites,Other
https://www.twitter.com/services,TopSites,Other
https://www.linkedin.com,TopSites,Other
https://www.linkedin.com/about,TopSites,Other
https://www.linkedin.com/contact,TopSites,Other
https://www.linkedin.com/help,TopSites,Other
https://www.linkedin.com/support,TopSites,Other
https://www.linkedin.com/login,TopSites,Other
https://www.linkedin.com/signup,TopSites,Other
https://www.linkedin.com/products,TopSites,Other
https://www.linkedin.com/services,TopSites,Other
https://www.instagram.com,TopSites,Other
https://www.instagram.com/about,TopSites,Other
https://www.instagram.com/contact,TopSites,Other
https://www.instagram.com/help,TopSites,Other
https://www.instagram.com/support,TopSites,Other
https://www.instagram.com/login,TopSites,Other
https://www.instagram.com/signup,TopSites,Other
https://www.instagram.com/products,TopSites,Other
https://www.instagram.com/services,TopSites,Other
https://www.reddit.com,TopSites,Other
https://www.reddit.com/about,TopSites,Other
https://www.reddit.com/contact,TopSites,Other
https://www.reddit.com/help,TopSites,Other
https://www.reddit.com/support,TopSites,Other
https://www.reddit.com/login,TopSites,Other
https://www.reddit.com/signup,TopSites,Other
https://www.reddit.com/products,TopSites,Other
https://www.reddit.com/services,TopSites,Other
https://www.wikipedia.org,TopSites,Other
https://www.wikipedia.org/about,TopSites,Other
https://www.wikipedia.org/contact,TopSites,Other
https://www.wikipedia.org/help,TopSites,Other
https://www.wikipedia.org/support,TopSites,Other
https://www.wikipedia.org/login,TopSites,Other
https://www.wikipedia.org/signup,TopSites,Other
https://www.wikipedia.org/products,TopSites,Other
https://www.wikipedia.org/services,TopSites,Other
https://openai.com,TopSites,Other
https://openai.com/about,TopSites,Other
https://openai.com/contact,TopSites,Other
https://openai.com/help,TopSites,Other
https://openai.com/support,TopSites,Other
https://openai.com/login,TopSites,Other
https://openai.com/signup,TopSites,Other
https://openai.com/products,TopSites,Other
https://openai.com/services,TopSites,Other
https://chat.openai.com,TopSites,Other
https://chat.openai.com/about,TopSites,Other
https://chat.openai.com/contact,TopSites,Other
https://chat.openai.com/help,TopSites,Other
https://chat.openai.com/support,TopSites,Other
https://chat.openai.com/login,TopSites,Other
https://chat.openai.com/signup,TopSites,Other
https://chat.openai.com/products,TopSites,Other
https://chat.openai.com/services,TopSites,Other
https://platform.openai.com,TopSites,Other
https://platform.openai.com/about,TopSites,Other
https://platform.openai.com/contact,TopSites,Other
https://platform.openai.com/help,TopSites,Other
https://platform.openai.com/support,TopSites,Other
https://platform.openai.com/login,TopSites,Other
https://platform.openai.com/signup,TopSites,Other
https://platform.openai.com/products,TopSites,Other
https://platform.openai.com/services,TopSites,Other
https://huggingface.co,TopSites,Other
https://huggingface.co/about,TopSites,Other
https://huggingface.co/contact,TopSites,Other
https://huggingface.co/help,TopSites,Other
https://huggingface.co/support,TopSites,Other
https://huggingface.co/login,TopSites,Other
https://huggingface.co/signup,TopSites,Other
https://huggingface.co/products,TopSites,Other
https://huggingface.co/services,TopSites,Other
https://notion.so,TopSites,Other
https://notion.so/about,TopSites,Other
https://notion.so/contact,TopSites,Other
https://notion.so/help,TopSites,Other
https://notion.so/support,TopSites,Other
https://notion.so/login,TopSites,Other
https://notion.so/signup,TopSites,Other
https://notion.so/products,TopSites,Other
https://notion.so/services,TopSites,Other
https://www.notion.so,TopSites,Other
https://www.notion.so/about,TopSites,Other
https://www.notion.so/contact,TopSites,Other
https://www.notion.so/help,TopSites,Other
https://www.notion.so/support,TopSites,Other
https://www.notion.so/login,TopSites,Other
https://www.notion.so/signup,TopSites,Other
https://www.notion.so/products,TopSites,Other
https://www.notion.so/services,TopSites,Other
https://slack.com,TopSites,Other
https://slack.com/about,TopSites,Other
https://slack.com/contact,TopSites,Other
https://slack.com/help,TopSites,Other
https://slack.com/support,TopSites,Other
https://slack.com/login,TopSites,Other
https://slack.com/signup,TopSites,Other
https://slack.com/products,TopSites,Other
https://slack.com/services,TopSites,Other
https://zoom.us,TopSites,Other
https://zoom.us/about,TopSites,Other
https://zoom.us/contact,TopSites,Other
https://zoom.us/help,TopSites,Other
https://zoom.us/support,TopSites,Other
https://zoom.us/login,TopSites,Other
https://zoom.us/signup,TopSites,Other
https://zoom.us/products,TopSites,Other
https://zoom.us/services,TopSites,Other
https://asana.com,TopSites,Other
https://asana.com/about,TopSites,Other
https://asana.com/contact,TopSites,Other
https://asana.com/help,TopSites,Other
https://asana.com/support,TopSites,Other
https://asana.com/login,TopSites,Other
https://asana.com/signup,TopSites,Other
https://asana.com/products,TopSites,Other
https://asana.com/services,TopSites,Other
https://trello.com,TopSites,Other
https://trello.com/about,TopSites,Other
https://trello.com/contact,TopSites,Other
https://trello.com/help,TopSites,Other
https://trello.com/support,TopSites,Other
https://trello.com/login,TopSites,Other
https://trello.com/signup,TopSites,Other
https://trello.com/products,TopSites,Other
https://trello.com/services,TopSites,Other
https://monday.com,TopSites,Other
https://monday.com/about,TopSites,Other
https://monday.com/contact,TopSites,Other
https://monday.com/help,TopSites,Other
https://monday.com/support,TopSites,Other
https://monday.com/login,TopSites,Other
https://monday.com/signup,TopSites,Other
https://monday.com/products,TopSites,Other
https://monday.com/services,TopSites,Other
https://airtable.com,TopSites,Other
https://airtable.com/about,TopSites,Other
https://airtable.com/contact,TopSites,Other
https://airtable.com/help,TopSites,Other
https://airtable.com/support,TopSites,Other
https://airtable.com/login,TopSites,Other
https://airtable.com/signup,TopSites,Other
https://airtable.com/products,TopSites,Other
https://airtable.com/services,TopSites,Other
https://figma.com,TopSites,Other
https://figma.com/about,TopSites,Other
https://figma.com/contact,TopSites,Other
https://figma.com/help,TopSites,Other
https://figma.com/support,TopSites,Other
https://figma.com/login,TopSites,Other
https://figma.com/signup,TopSites,Other
https://figma.com/products,TopSites,Other
https://figma.com/services,TopSites,Other
https://www.figma.com,TopSites,Other
https://www.figma.com/about,TopSites,Other
https://www.figma.com/contact,TopSites,Other
https://www.figma.com/help,TopSites,Other
https://www.figma.com/support,TopSites,Other
https://www.figma.com/login,TopSites,Other
https://www.figma.com/signup,TopSites,Other
https://www.figma.com/products,TopSites,Other
https://www.figma.com/services,TopSites,Other
https://miro.com,TopSites,Other
https://miro.com/about,TopSites,Other
https://miro.com/contact,TopSites,Other
https://miro.com/help,TopSites,Other
https://miro.com/support,TopSites,Other
https://miro.com/login,TopSites,Other
https://miro.com/signup,TopSites,Other
https://miro.com/products,TopSites,Other
https://miro.com/services,TopSites,Other
https://www.miro.com,TopSites,Other
https://www.miro.com/about,TopSites,Other
https://www.miro.com/contact,TopSites,Other
https://www.miro.com/help,TopSites,Other
https://www.miro.com/support,TopSites,Other
https://www.miro.com/login,TopSites,Other
https://www.miro.com/signup,TopSites,Other
https://www.miro.com/products,TopSites,Other
https://www.miro.com/services,TopSites,Other
https://dropbox.com,TopSites,Other
https://dropbox.com/about,TopSites,Other
https://dropbox.com/contact,TopSites,Other
https://dropbox.com/help,TopSites,Other
https://dropbox.com/support,TopSites,Other
https://dropbox.com/login,TopSites,Other
https://dropbox.com/signup,TopSites,Other
https://dropbox.com/products,TopSites,Other
https://dropbox.com/services,TopSites,Other
https://www.dropbox.com,TopSites,Other
https://www.dropbox.com/about,TopSites,Other
https://www.dropbox.com/contact,TopSites,Other
https://www.dropbox.com/help,TopSites,Other
https://www.dropbox.com/support,TopSites,Other
https://www.dropbox.com/login,TopSites,Other
https://www.dropbox.com/signup,TopSites,Other
https://www.dropbox.com/products,TopSites,Other
https://www.dropbox.com/services,TopSites,Other
https://box.com,TopSites,Other
https://box.com/about,TopSites,Other
https://box.com/contact,TopSites,Other
https://box.com/help,TopSites,Other
https://box.com/support,TopSites,Other
https://box.com/login,TopSites,Other
https://box.com/signup,TopSites,Other
https://box.com/products,TopSites,Other
https://box.com/services,TopSites,Other
https://www.box.com,TopSites,Other
https://www.box.com/about,TopSites,Other
https://www.box.com/contact,TopSites,Other
https://www.box.com/help,TopSites,Other
https://www.box.com/support,TopSites,Other
https://www.box.com/login,TopSites,Other
https://www.box.com/signup,TopSites,Other
https://www.box.com/products,TopSites,Other
https://www.box.com/services,TopSites,Other
https://canva.com,TopSites,Other
https://canva.com/about,TopSites,Other
https://canva.com/contact,TopSites,Other
https://canva.com/help,TopSites,Other
https://canva.com/support,TopSites,Other
https://canva.com/login,TopSites,Other
https://canva.com/signup,TopSites,Other
https://canva.com/products,TopSites,Other
https://canva.com/services,TopSites,Other
https://www.canva.com,TopSites,Other
https://www.canva.com/about,TopSites,Other
https://www.canva.com/contact,TopSites,Other
https://www.canva.com/help,TopSites,Other
https://www.canva.com/support,TopSites,Other
https://www.canva.com/login,TopSites,Other
https://www.canva.com/signup,TopSites,Other
https://www.canva.com/products,TopSites,Other
https://www.canva.com/services,TopSites,Other
https://discord.com,TopSites,Other
https://discord.com/about,TopSites,Other
https://discord.com/contact,TopSites,Other
https://discord.com/help,TopSites,Other
https://discord.com/support,TopSites,Other
https://discord.com/login,TopSites,Other
https://discord.com/signup,TopSites,Other
https://discord.com/products,TopSites,Other
https://discord.com/services,TopSites,Other
https://www.discord.com,TopSites,Other
https://www.discord.com/about,TopSites,Other
https://www.discord.com/contact,TopSites,Other
https://www.discord.com/help,TopSites,Other
https://www.discord.com/support,TopSites,Other
https://www.discord.com/login,TopSites,Other
https://www.discord.com/signup,TopSites,Other
https://www.discord.com/products,TopSites,Other
https://www.discord.com/services,TopSites,Other
https://slack.com,TopSites,Other
https://slack.com/about,TopSites,Other
https://slack.com/contact,TopSites,Other
https://slack.com/help,TopSites,Other
https://slack.com/support,TopSites,Other
https://slack.com/login,TopSites,Other
https://slack.com/signup,TopSites,Other
https://slack.com/products,TopSites,Other
https://slack.com/services,TopSites,Other
https://zoom.us,TopSites,Other
https://zoom.us/about,TopSites,Other
https://zoom.us/contact,TopSites,Other
https://zoom.us/help,TopSites,Other
https://zoom.us/support,TopSites,Other
https://zoom.us/login,TopSites,Other
https://zoom.us/signup,TopSites,Other
https://zoom.us/products,TopSites,Other
https://zoom.us/services,TopSites,Other
https://webex.com,TopSites,Other
https://webex.com/about,TopSites,Other
https://webex.com/contact,TopSites,Other
https://webex.com/help,TopSites,Other
https://webex.com/support,TopSites,Other
https://webex.com/login,TopSites,Other
https://webex.com/signup,TopSites,Other
https://webex.com/products,TopSites,Other
https://webex.com/services,TopSites,Other
https://www.webex.com,TopSites,Other
https://www.webex.com/about,TopSites,Other
https://www.webex.com/contact,TopSites,Other
https://www.webex.com/help,TopSites,Other
https://www.webex.com/support,TopSites,Other
https://www.webex.com/login,TopSites,Other
https://www.webex.com/signup,TopSites,Other
https://www.webex.com/products,TopSites,Other
https://www.webex.com/services,TopSites,Other
https://teams.microsoft.com,TopSites,Technology
https://teams.microsoft.com/about,TopSites,Technology
https://teams.microsoft.com/contact,TopSites,Technology
https://teams.microsoft.com/help,TopSites,Technology
https://teams.microsoft.com/support,TopSites,Technology
https://teams.microsoft.com/login,TopSites,Technology
https://teams.microsoft.com/signup,TopSites,Technology
https://teams.microsoft.com/products,TopSites,Technology
https://teams.microsoft.com/services,TopSites,Technology
https://drive.google.com,TopSites,Technology
https://drive.google.com/about,TopSites,Technology
https://drive.google.com/contact,TopSites,Technology
https://drive.google.com/help,TopSites,Technology
https://drive.google.com/support,TopSites,Technology
https://drive.google.com/login,TopSites,Technology
https://drive.google.com/signup,TopSites,Technology
https://drive.google.com/products,TopSites,Technology
https://drive.google.com/services,TopSites,Technology
https://docs.google.com,TopSites,Technology
https://docs.google.com/about,TopSites,Technology
https://docs.google.com/contact,TopSites,Technology
https://docs.google.com/help,TopSites,Technology
https://docs.google.com/support,TopSites,Technology
https://docs.google.com/login,TopSites,Technology
https://docs.google.com/signup,TopSites,Technology
https://docs.google.com/products,TopSites,Technology
https://docs.google.com/services,TopSites,Technology
https://sheets.google.com,TopSites,Technology
https://sheets.google.com/about,TopSites,Technology
https://sheets.google.com/contact,TopSites,Technology
https://sheets.google.com/help,TopSites,Technology
https://sheets.google.com/support,TopSites,Technology
https://sheets.google.com/login,TopSites,Technology
https://sheets.google.com/signup,TopSites,Technology
https://sheets.google.com/products,TopSites,Technology
https://sheets.google.com/services,TopSites,Technology
https://calendar.google.com,TopSites,Technology
https://calendar.google.com/about,TopSites,Technology
https://calendar.google.com/contact,TopSites,Technology
https://calendar.google.com/help,TopSites,Technology
https://calendar.google.com/support,TopSites,Technology
https://calendar.google.com/login,TopSites,Technology
https://calendar.google.com/signup,TopSites,Technology
https://calendar.google.com/products,TopSites,Technology
https://calendar.google.com/services,TopSites,Technology
https://mail.google.com,TopSites,Technology
https://mail.google.com/about,TopSites,Technology
https://mail.google.com/contact,TopSites,Technology
https://mail.google.com/help,TopSites,Technology
https://mail.google.com/support,TopSites,Technology
https://mail.google.com/login,TopSites,Technology
https://mail.google.com/signup,TopSites,Technology
https://mail.google.com/products,TopSites,Technology
https://mail.google.com/services,TopSites,Technology
https://outlook.com,TopSites,Other
https://outlook.com/about,TopSites,Other
https://outlook.com/contact,TopSites,Other
https://outlook.com/help,TopSites,Other
https://outlook.com/support,TopSites,Other
https://outlook.com/login,TopSites,Other
https://outlook.com/signup,TopSites,Other
https://outlook.com/products,TopSites,Other
https://outlook.com/services,TopSites,Other
https://mail.yahoo.com,TopSites,Other
https://mail.yahoo.com/about,TopSites,Other
https://mail.yahoo.com/contact,TopSites,Other
https://mail.yahoo.com/help,TopSites,Other
https://mail.yahoo.com/support,TopSites,Other
https://mail.yahoo.com/login,TopSites,Other
https://mail.yahoo.com/signup,TopSites,Other
https://mail.yahoo.com/products,TopSites,Other
https://mail.yahoo.com/services,TopSites,Other
https://icloud.com,TopSites,Other
https://icloud.com/about,TopSites,Other
https://icloud.com/contact,TopSites,Other
https://icloud.com/help,TopSites,Other
https://icloud.com/support,TopSites,Other
https://icloud.com/login,TopSites,Other
https://icloud.com/signup,TopSites,Other
https://icloud.com/products,TopSites,Other
https://icloud.com/services,TopSites,Other
https://www.icloud.com,TopSites,Other
https://www.icloud.com/about,TopSites,Other
https://www.icloud.com/contact,TopSites,Other
https://www.icloud.com/help,TopSites,Other
https://www.icloud.com/support,TopSites,Other
https://www.icloud.com/login,TopSites,Other
https://www.icloud.com/signup,TopSites,Other
https://www.icloud.com/products,TopSites,Other
https://www.icloud.com/services,TopSites,Other
https://adobe.com,TopSites,Other
https://adobe.com/about,TopSites,Other
https://adobe.com/contact,TopSites,Other
https://adobe.com/help,TopSites,Other
https://adobe.com/support,TopSites,Other
https://adobe.com/login,TopSites,Other
https://adobe.com/signup,TopSites,Other
https://adobe.com/products,TopSites,Other
https://adobe.com/services,TopSites,Other
https://www.adobe.com,TopSites,Other
https://www.adobe.com/about,TopSites,Other
https://www.adobe.com/contact,TopSites,Other
https://www.adobe.com/help,TopSites,Other
https://www.adobe.com/support,TopSites,Other
https://www.adobe.com/login,TopSites,Other
https://www.adobe.com/signup,TopSites,Other
https://www.adobe.com/products,TopSites,Other
https://www.adobe.com/services,TopSites,Other
https://creativecloud.adobe.com,TopSites,Other
https://creativecloud.adobe.com/about,TopSites,Other
https://creativecloud.adobe.com/contact,TopSites,Other
https://creativecloud.adobe.com/help,TopSites,Other
https://creativecloud.adobe.com/support,TopSites,Other
https://creativecloud.adobe.com/login,TopSites,Other
https://creativecloud.adobe.com/signup,TopSites,Other
https://creativecloud.adobe.com/products,TopSites,Other
https://creativecloud.adobe.com/services,TopSites,Other
https://github.com,TopSites,Technology
https://github.com/about,TopSites,Technology
https://github.com/contact,TopSites,Technology
https://github.com/help,TopSites,Technology
https://github.com/support,TopSites,Technology
https://github.com/login,TopSites,Technology
https://github.com/signup,TopSites,Technology
https://github.com/products,TopSites,Technology
https://github.com/services,TopSites,Technology
https://gitlab.com,TopSites,Other
https://gitlab.com/about,TopSites,Other
https://gitlab.com/contact,TopSites,Other
https://gitlab.com/help,TopSites,Other
https://gitlab.com/support,TopSites,Other
https://gitlab.com/login,TopSites,Other
https://gitlab.com/signup,TopSites,Other
https://gitlab.com/products,TopSites,Other
https://gitlab.com/services,TopSites,Other
https://bitbucket.org,TopSites,Other
https://bitbucket.org/about,TopSites,Other
https://bitbucket.org/contact,TopSites,Other
https://bitbucket.org/help,TopSites,Other
https://bitbucket.org/support,TopSites,Other
https://bitbucket.org/login,TopSites,Other
https://bitbucket.org/signup,TopSites,Other
https://bitbucket.org/products,TopSites,Other
https://bitbucket.org/services,TopSites,Other
https://kaggle.com,TopSites,Other
https://kaggle.com/about,TopSites,Other
https://kaggle.com/contact,TopSites,Other
https://kaggle.com/help,TopSites,Other
https://kaggle.com/support,TopSites,Other
https://kaggle.com/login,TopSites,Other
https://kaggle.com/signup,TopSites,Other
https://kaggle.com/products,TopSites,Other
https://kaggle.com/services,TopSites,Other
https://www.kaggle.com,TopSites,Other
https://www.kaggle.com/about,TopSites,Other
https://www.kaggle.com/contact,TopSites,Other
https://www.kaggle.com/help,TopSites,Other
https://www.kaggle.com/support,TopSites,Other
https://www.kaggle.com/login,TopSites,Other
https://www.kaggle.com/signup,TopSites,Other
https://www.kaggle.com/products,TopSites,Other
https://www.kaggle.com/services,TopSites,Other
https://colab.research.google.com,TopSites,Technology
https://colab.research.google.com/about,TopSites,Technology
https://colab.research.google.com/contact,TopSites,Technology
https://colab.research.google.com/help,TopSites,Technology
https://colab.research.google.com/support,TopSites,Technology
https://colab.research.google.com/login,TopSites,Technology
https://colab.research.google.com/signup,TopSites,Technology
https://colab.research.google.com/products,TopSites,Technology
https://colab.research.google.com/services,TopSites,Technology
https://databricks.com,TopSites,Other
https://databricks.com/about,TopSites,Other
https://databricks.com/contact,TopSites,Other
https://databricks.com/help,TopSites,Other
https://databricks.com/support,TopSites,Other
https://databricks.com/login,TopSites,Other
https://databricks.com/signup,TopSites,Other
https://databricks.com/products,TopSites,Other
https://databricks.com/services,TopSites,Other
https://www.databricks.com,TopSites,Other
https://www.databricks.com/about,TopSites,Other
https://www.databricks.com/contact,TopSites,Other
https://www.databricks.com/help,TopSites,Other
https://www.databricks.com/support,TopSites,Other
https://www.databricks.com/login,TopSites,Other
https://www.databricks.com/signup,TopSites,Other
https://www.databricks.com/products,TopSites,Other
https://www.databricks.com/services,TopSites,Other
https://aws.amazon.com,TopSites,E-commerce
https://aws.amazon.com/about,TopSites,E-commerce
https://aws.amazon.com/contact,TopSites,E-commerce
https://aws.amazon.com/help,TopSites,E-commerce
https://aws.amazon.com/support,TopSites,E-commerce
https://aws.amazon.com/login,TopSites,E-commerce
https://aws.amazon.com/signup,TopSites,E-commerce
https://aws.amazon.com/products,TopSites,E-commerce
https://aws.amazon.com/services,TopSites,E-commerce
https://azure.microsoft.com,TopSites,Technology
https://azure.microsoft.com/about,TopSites,Technology
https://azure.microsoft.com/contact,TopSites,Technology
https://azure.microsoft.com/help,TopSites,Technology
https://azure.microsoft.com/support,TopSites,Technology
https://azure.microsoft.com/login,TopSites,Technology
https://azure.microsoft.com/signup,TopSites,Technology
https://azure.microsoft.com/products,TopSites,Technology
https://azure.microsoft.com/services,TopSites,Technology
https://cloud.google.com,TopSites,Technology
https://cloud.google.com/about,TopSites,Technology
https://cloud.google.com/contact,TopSites,Technology
https://cloud.google.com/help,TopSites,Technology
https://cloud.google.com/support,TopSites,Technology
https://cloud.google.com/login,TopSites,Technology
https://cloud.google.com/signup,TopSites,Technology
https://cloud.google.com/products,TopSites,Technology
https://cloud.google.com/services,TopSites,Technology
https://console.cloud.google.com,TopSites,Technology
https://console.cloud.google.com/about,TopSites,Technology
https://console.cloud.google.com/contact,TopSites,Technology
https://console.cloud.google.com/help,TopSites,Technology
https://console.cloud.google.com/support,TopSites,Technology
https://console.cloud.google.com/login,TopSites,Technology
https://console.cloud.google.com/signup,TopSites,Technology
https://console.cloud.google.com/products,TopSites,Technology
https://console.cloud.google.com/services,TopSites,Technology
https://heroku.com,TopSites,Other
https://heroku.com/about,TopSites,Other
https://heroku.com/contact,TopSites,Other
https://heroku.com/help,TopSites,Other
https://heroku.com/support,TopSites,Other
https://heroku.com/login,TopSites,Other
https://heroku.com/signup,TopSites,Other
https://heroku.com/products,TopSites,Other
https://heroku.com/services,TopSites,Other
https://www.heroku.com,TopSites,Other
https://www.heroku.com/about,TopSites,Other
https://www.heroku.com/contact,TopSites,Other
https://www.heroku.com/help,TopSites,Other
https://www.heroku.com/support,TopSites,Other
https://www.heroku.com/login,TopSites,Other
https://www.heroku.com/signup,TopSites,Other
https://www.heroku.com/products,TopSites,Other
https://www.heroku.com/services,TopSites,Other
https://vercel.com,TopSites,Other
https://vercel.com/about,TopSites,Other
https://vercel.com/contact,TopSites,Other
https://vercel.com/help,TopSites,Other
https://vercel.com/support,TopSites,Other
https://vercel.com/login,TopSites,Other
https://vercel.com/signup,TopSites,Other
https://vercel.com/products,TopSites,Other
https://vercel.com/services,TopSites,Other
https://www.vercel.com,TopSites,Other
https://www.vercel.com/about,TopSites,Other
https://www.vercel.com/contact,TopSites,Other
https://www.vercel.com/help,TopSites,Other
https://www.vercel.com/support,TopSites,Other
https://www.vercel.com/login,TopSites,Other
https://www.vercel.com/signup,TopSites,Other
https://www.vercel.com/products,TopSites,Other
https://www.vercel.com/services,TopSites,Other
https://netlify.com,TopSites,Other
https://netlify.com/about,TopSites,Other
https://netlify.com/contact,TopSites,Other
https://netlify.com/help,TopSites,Other
https://netlify.com/support,TopSites,Other
https://netlify.com/login,TopSites,Other
https://netlify.com/signup,TopSites,Other
https://netlify.com/products,TopSites,Other
https://netlify.com/services,TopSites,Other
https://www.netlify.com,TopSites,Other
https://www.netlify.com/about,TopSites,Other
https://www.netlify.com/contact,TopSites,Other
https://www.netlify.com/help,TopSites,Other
https://www.netlify.com/support,TopSites,Other
https://www.netlify.com/login,TopSites,Other
https://www.netlify.com/signup,TopSites,Other
https://www.netlify.com/products,TopSites,Other
https://www.netlify.com/services,TopSites,Other
https://replit.com,TopSites,Other
https://replit.com/about,TopSites,Other
https://replit.com/contact,TopSites,Other
https://replit.com/help,TopSites,Other
https://replit.com/support,TopSites,Other
https://replit.com/login,TopSites,Other
https://replit.com/signup,TopSites,Other
https://replit.com/products,TopSites,Other
https://replit.com/services,TopSites,Other
https://www.replit.com,TopSites,Other
https://www.replit.com/about,TopSites,Other
https://www.replit.com/contact,TopSites,Other
https://www.replit.com/help,TopSites,Other
https://www.replit.com/support,TopSites,Other
https://www.replit.com/login,TopSites,Other
https://www.replit.com/signup,TopSites,Other
https://www.replit.com/products,TopSites,Other
https://www.replit.com/services,TopSites,Other
https://supabase.com,TopSites,Other
https://supabase.com/about,TopSites,Other
https://supabase.com/contact,TopSites,Other
https://supabase.com/help,TopSites,Other
https://supabase.com/support,TopSites,Other
https://supabase.com/login,TopSites,Other
https://supabase.com/signup,TopSites,Other
https://supabase.com/products,TopSites,Other
https://supabase.com/services,TopSites,Other
https://www.supabase.com,TopSites,Other
https://www.supabase.com/about,TopSites,Other
https://www.supabase.com/contact,TopSites,Other
https://www.supabase.com/help,TopSites,Other
https://www.supabase.com/support,TopSites,Other
https://www.supabase.com/login,TopSites,Other
https://www.supabase.com/signup,TopSites,Other
https://www.supabase.com/products,TopSites,Other
https://www.supabase.com/services,TopSites,Other
https://render.com,TopSites,Other
https://render.com/about,TopSites,Other
https://render.com/contact,TopSites,Other
https://render.com/help,TopSites,Other
https://render.com/support,TopSites,Other
https://render.com/login,TopSites,Other
https://render.com/signup,TopSites,Other
https://render.com/products,TopSites,Other
https://render.com/services,TopSites,Other
https://www.render.com,TopSites,Other
https://www.render.com/about,TopSites,Other
https://www.render.com/contact,TopSites,Other
https://www.render.com/help,TopSites,Other
https://www.render.com/support,TopSites,Other
https://www.render.com/login,TopSites,Other
https://www.render.com/signup,TopSites,Other
https://www.render.com/products,TopSites,Other
https://www.render.com/services,TopSites,Other
https://digitalocean.com,TopSites,Other
https://digitalocean.com/about,TopSites,Other
https://digitalocean.com/contact,TopSites,Other
https://digitalocean.com/help,TopSites,Other
https://digitalocean.com/support,TopSites,Other
https://digitalocean.com/login,TopSites,Other
https://digitalocean.com/signup,TopSites,Other
https://digitalocean.com/products,TopSites,Other
https://digitalocean.com/services,TopSites,Other
https://www.digitalocean.com,TopSites,Other
https://www.digitalocean.com/about,TopSites,Other
https://www.digitalocean.com/contact,TopSites,Other
https://www.digitalocean.com/help,TopSites,Other
https://www.digitalocean.com/support,TopSites,Other
https://www.digitalocean.com/login,TopSites,Other
https://www.digitalocean.com/signup,TopSites,Other
https://www.digitalocean.com/products,TopSites,Other
https://www.digitalocean.com/services,TopSites,Other
https://linode.com,TopSites,Other
https://linode.com/about,TopSites,Other
https://linode.com/contact,TopSites,Other
https://linode.com/help,TopSites,Other
https://linode.com/support,TopSites,Other
https://linode.com/login,TopSites,Other
https://linode.com/signup,TopSites,Other
https://linode.com/products,TopSites,Other
https://linode.com/services,TopSites,Other
https://www.linode.com,TopSites,Other
https://www.linode.com/about,TopSites,Other
https://www.linode.com/contact,TopSites,Other
https://www.linode.com/help,TopSites,Other
https://www.linode.com/support,TopSites,Other
https://www.linode.com/login,TopSites,Other
https://www.linode.com/signup,TopSites,Other
https://www.linode.com/products,TopSites,Other
https://www.linode.com/services,TopSites,Other
https://cloudflare.com,TopSites,Other
https://cloudflare.com/about,TopSites,Other
https://cloudflare.com/contact,TopSites,Other
https://cloudflare.com/help,TopSites,Other
https://cloudflare.com/support,TopSites,Other
https://cloudflare.com/login,TopSites,Other
https://cloudflare.com/signup,TopSites,Other
https://cloudflare.com/products,TopSites,Other
https://cloudflare.com/services,TopSites,Other
https://www.cloudflare.com,TopSites,Other
https://www.cloudflare.com/about,TopSites,Other
https://www.cloudflare.com/contact,TopSites,Other
https://www.cloudflare.com/help,TopSites,Other
https://www.cloudflare.com/support,TopSites,Other
https://www.cloudflare.com/login,TopSites,Other
https://www.cloudflare.com/signup,TopSites,Other
https://www.cloudflare.com/products,TopSites,Other
https://www.cloudflare.com/services,TopSites,Other
https://fastly.com,TopSites,Other
https://fastly.com/about,TopSites,Other
https://fastly.com/contact,TopSites,Other
https://fastly.com/help,TopSites,Other
https://fastly.com/support,TopSites,Other
https://fastly.com/login,TopSites,Other
https://fastly.com/signup,TopSites,Other
https://fastly.com/products,TopSites,Other
https://fastly.com/services,TopSites,Other
https://www.fastly.com,TopSites,Other
https://www.fastly.com/about,TopSites,Other
https://www.fastly.com/contact,TopSites,Other
https://www.fastly.com/help,TopSites,Other
https://www.fastly.com/support,TopSites,Other
https://www.fastly.com/login,TopSites,Other
https://www.fastly.com/signup,TopSites,Other
https://www.fastly.com/products,TopSites,Other
https://www.fastly.com/services,TopSites,Other
https://stripe.com,TopSites,Other
https://stripe.com/about,TopSites,Other
https://stripe.com/contact,TopSites,Other
https://stripe.com/help,TopSites,Other
https://stripe.com/support,TopSites,Other
https://stripe.com/login,TopSites,Other
https://stripe.com/signup,TopSites,Other
https://stripe.com/products,TopSites,Other
https://stripe.com/services,TopSites,Other
https://www.stripe.com,TopSites,Other
https://www.stripe.com/about,TopSites,Other
https://www.stripe.com/contact,TopSites,Other
https://www.stripe.com/help,TopSites,Other
https://www.stripe.com/support,TopSites,Other
https://www.stripe.com/login,TopSites,Other
https://www.stripe.com/signup,TopSites,Other
https://www.stripe.com/products,TopSites,Other
https://www.stripe.com/services,TopSites,Other
https://paypal.com,TopSites,Banking
https://paypal.com/about,TopSites,Banking
https://paypal.com/contact,TopSites,Banking
https://paypal.com/help,TopSites,Banking
https://paypal.com/support,TopSites,Banking
https://paypal.com/login,TopSites,Banking
https://paypal.com/signup,TopSites,Banking
https://paypal.com/products,TopSites,Banking
https://paypal.com/services,TopSites,Banking
https://www.paypal.com,TopSites,Banking
https://www.paypal.com/about,TopSites,Banking
https://www.paypal.com/contact,TopSites,Banking
https://www.paypal.com/help,TopSites,Banking
https://www.paypal.com/support,TopSites,Banking
https://www.paypal.com/login,TopSites,Banking
https://www.paypal.com/signup,TopSites,Banking
https://www.paypal.com/products,TopSites,Banking
https://www.paypal.com/services,TopSites,Banking
https://wise.com,TopSites,Other
https://wise.com/about,TopSites,Other
https://wise.com/contact,TopSites,Other
https://wise.com/help,TopSites,Other
https://wise.com/support,TopSites,Other
https://wise.com/login,TopSites,Other
https://wise.com/signup,TopSites,Other
https://wise.com/products,TopSites,Other
https://wise.com/services,TopSites,Other
https://www.wise.com,TopSites,Other
https://www.wise.com/about,TopSites,Other
https://www.wise.com/contact,TopSites,Other
https://www.wise.com/help,TopSites,Other
https://www.wise.com/support,TopSites,Other
https://www.wise.com/login,TopSites,Other
https://www.wise.com/signup,TopSites,Other
https://www.wise.com/products,TopSites,Other
https://www.wise.com/services,TopSites,Other
https://revolut.com,TopSites,Other
https://revolut.com/about,TopSites,Other
https://revolut.com/contact,TopSites,Other
https://revolut.com/help,TopSites,Other
https://revolut.com/support,TopSites,Other
https://revolut.com/login,TopSites,Other
https://revolut.com/signup,TopSites,Other
https://revolut.com/products,TopSites,Other
https://revolut.com/services,TopSites,Other
https://www.revolut.com,TopSites,Other
https://www.revolut.com/about,TopSites,Other
https://www.revolut.com/contact,TopSites,Other
https://www.revolut.com/help,TopSites,Other
https://www.revolut.com/support,TopSites,Other
https://www.revolut.com/login,TopSites,Other
https://www.revolut.com/signup,TopSites,Other
https://www.revolut.com/products,TopSites,Other
https://www.revolut.com/services,TopSites,Other
https://wise.com,TopSites,Other
https://wise.com/about,TopSites,Other
https://wise.com/contact,TopSites,Other
https://wise.com/help,TopSites,Other
https://wise.com/support,TopSites,Other
https://wise.com/login,TopSites,Other
https://wise.com/signup,TopSites,Other
https://wise.com/products,TopSites,Other
https://wise.com/services,TopSites,Other
https://www.wise.com,TopSites,Other
https://www.wise.com/about,TopSites,Other
https://www.wise.com/contact,TopSites,Other
https://www.wise.com/help,TopSites,Other
https://www.wise.com/support,TopSites,Other
https://www.wise.com/login,TopSites,Other
https://www.wise.com/signup,TopSites,Other
https://www.wise.com/products,TopSites,Other
https://www.wise.com/services,TopSites,Other
https://plaid.com,TopSites,Other
https://plaid.com/about,TopSites,Other
https://plaid.com/contact,TopSites,Other
https://plaid.com/help,TopSites,Other
https://plaid.com/support,TopSites,Other
https://plaid.com/login,TopSites,Other
https://plaid.com/signup,TopSites,Other
https://plaid.com/products,TopSites,Other
https://plaid.com/services,TopSites,Other
https://www.plaid.com,TopSites,Other
https://www.plaid.com/about,TopSites,Other
https://www.plaid.com/contact,TopSites,Other
https://www.plaid.com/help,TopSites,Other
https://www.plaid.com/support,TopSites,Other
https://www.plaid.com/login,TopSites,Other
https://www.plaid.com/signup,TopSites,Other
https://www.plaid.com/products,TopSites,Other
https://www.plaid.com/services,TopSites,Other
https://www.chase.com,TopSites,Banking
https://www.chase.com/about,TopSites,Banking
https://www.chase.com/contact,TopSites,Banking
https://www.chase.com/help,TopSites,Banking
https://www.chase.com/support,TopSites,Banking
https://www.chase.com/login,TopSites,Banking
https://www.chase.com/signup,TopSites,Banking
https://www.chase.com/products,TopSites,Banking
https://www.chase.com/services,TopSites,Banking
https://www.bankofamerica.com,TopSites,Banking
https://www.bankofamerica.com/about,TopSites,Banking
https://www.bankofamerica.com/contact,TopSites,Banking
https://www.bankofamerica.com/help,TopSites,Banking
https://www.bankofamerica.com/support,TopSites,Banking
https://www.bankofamerica.com/login,TopSites,Banking
https://www.bankofamerica.com/signup,TopSites,Banking
https://www.bankofamerica.com/products,TopSites,Banking
https://www.bankofamerica.com/services,TopSites,Banking
https://www.wellsfargo.com,TopSites,Banking
https://www.wellsfargo.com/about,TopSites,Banking
https://www.wellsfargo.com/contact,TopSites,Banking
https://www.wellsfargo.com/help,TopSites,Banking
https://www.wellsfargo.com/support,TopSites,Banking
https://www.wellsfargo.com/login,TopSites,Banking
https://www.wellsfargo.com/signup,TopSites,Banking
https://www.wellsfargo.com/products,TopSites,Banking
https://www.wellsfargo.com/services,TopSites,Banking
https://www.citibank.com,TopSites,Banking
https://www.citibank.com/about,TopSites,Banking
https://www.citibank.com/contact,TopSites,Banking
https://www.citibank.com/help,TopSites,Banking
https://www.citibank.com/support,TopSites,Banking
https://www.citibank.com/login,TopSites,Banking
https://www.citibank.com/signup,TopSites,Banking
https://www.citibank.com/products,TopSites,Banking
https://www.citibank.com/services,TopSites,Banking
https://www.paypal.com,TopSites,Banking
https://www.paypal.com/about,TopSites,Banking
https://www.paypal.com/contact,TopSites,Banking
https://www.paypal.com/help,TopSites,Banking
https://www.paypal.com/support,TopSites,Banking
https://www.paypal.com/login,TopSites,Banking
https://www.paypal.com/signup,TopSites,Banking
https://www.paypal.com/products,TopSites,Banking
https://www.paypal.com/services,TopSites,Banking
https://www.stripe.com,TopSites,Other
https://www.stripe.com/about,TopSites,Other
https://www.stripe.com/contact,TopSites,Other
https://www.stripe.com/help,TopSites,Other
https://www.stripe.com/support,TopSites,Other
https://www.stripe.com/login,TopSites,Other
https://www.stripe.com/signup,TopSites,Other
https://www.stripe.com/products,TopSites,Other
https://www.stripe.com/services,TopSites,Other
https://www.venmo.com,TopSites,Other
https://www.venmo.com/about,TopSites,Other
https://www.venmo.com/contact,TopSites,Other
https://www.venmo.com/help,TopSites,Other
https://www.venmo.com/support,TopSites,Other
https://www.venmo.com/login,TopSites,Other
https://www.venmo.com/signup,TopSites,Other
https://www.venmo.com/products,TopSites,Other
https://www.venmo.com/services,TopSites,Other
https://www.square.com,TopSites,Other
https://www.square.com/about,TopSites,Other
https://www.square.com/contact,TopSites,Other
https://www.square.com/help,TopSites,Other
https://www.square.com/support,TopSites,Other
https://www.square.com/login,TopSites,Other
https://www.square.com/signup,TopSites,Other
https://www.square.com/products,TopSites,Other
https://www.square.com/services,TopSites,Other
https://www.creditkarma.com,TopSites,Other
https://www.creditkarma.com/about,TopSites,Other
https://www.creditkarma.com/contact,TopSites,Other
https://www.creditkarma.com/help,TopSites,Other
https://www.creditkarma.com/support,TopSites,Other
https://www.creditkarma.com/login,TopSites,Other
https://www.creditkarma.com/signup,TopSites,Other
https://www.creditkarma.com/products,TopSites,Other
https://www.creditkarma.com/services,TopSites,Other
https://www.ebay.com,TopSites,E-commerce
https://www.ebay.com/about,TopSites,E-commerce
https://www.ebay.com/contact,TopSites,E-commerce
https://www.ebay.com/help,TopSites,E-commerce
https://www.ebay.com/support,TopSites,E-commerce
https://www.ebay.com/login,TopSites,E-commerce
https://www.ebay.com/signup,TopSites,E-commerce
https://www.ebay.com/products,TopSites,E-commerce
https://www.ebay.com/services,TopSites,E-commerce
https://www.walmart.com,TopSites,E-commerce
https://www.walmart.com/about,TopSites,E-commerce
https://www.walmart.com/contact,TopSites,E-commerce
https://www.walmart.com/help,TopSites,E-commerce
https://www.walmart.com/support,TopSites,E-commerce
https://www.walmart.com/login,TopSites,E-commerce
https://www.walmart.com/signup,TopSites,E-commerce
https://www.walmart.com/products,TopSites,E-commerce
https://www.walmart.com/services,TopSites,E-commerce
https://www.target.com,TopSites,E-commerce
