url,source,timestamp,target,verification_time
http://sngastro.in/abnb/rooms-32231/login.html,OpenPhish,2025-08-06T14:34:01.391680,,
https://pagafacil-enlinea.com/paga-ofertas/bancolombia/sms.html,OpenPhish,2025-08-06T14:34:01.391705,,
https://pagafacil-enlinea.com/paga-ofertas/bancolombia/dinamicaMano.html,OpenPhish,2025-08-06T14:34:01.391712,,
https://pagafacil-enlinea.com/paga-ofertas/bancolombia/contrase%C3%B1a.html,OpenPhish,2025-08-06T14:34:01.391716,,
https://workstation-support.com/a55971b911eb9feeba1184708ba82f9098509bb4,OpenPhish,2025-08-06T14:34:01.391720,,
http://accounts.marketwebb.systems/de/register?ref=880779342,OpenPhish,2025-08-06T14:34:01.391724,,
https://umaswadam.vuf.org/spotify/,OpenPhish,2025-08-06T14:34:01.391727,,
https://uloodhuy.shop/,OpenPhish,2025-08-06T14:34:01.391731,,
https://ns2.onetwotree.pro/isignesp.php,OpenPhish,2025-08-06T14:34:01.391734,,
https://ns1.onetwotree.pro/isignesp.php,OpenPhish,2025-08-06T14:34:01.391739,,
http://soporte.apple.id-com.help/isignesp.php,OpenPhish,2025-08-06T14:34:01.391742,,
http://us-ip-find.us/isignesp.php,OpenPhish,2025-08-06T14:34:01.391746,,
http://soportetech-ishop.com/isignesp.php,OpenPhish,2025-08-06T14:34:01.391750,,
http://app-encontrar.us/isignesp.php,OpenPhish,2025-08-06T14:34:01.391754,,
https://official-apple-assitance.com/isignesp.php,OpenPhish,2025-08-06T14:34:01.391758,,
https://loc-ip-find.services/isignesp.php,OpenPhish,2025-08-06T14:34:01.391761,,
https://mysupportishop.app/isignesp.php,OpenPhish,2025-08-06T14:34:01.391765,,
http://apple.red.encontrar-phone.help/isignesp.php,OpenPhish,2025-08-06T14:34:01.391772,,
https://mi-ishop-loggin.help/isignesp.php,OpenPhish,2025-08-06T14:34:01.391776,,
https://appleofficial-assitance.com/isignesp.php,OpenPhish,2025-08-06T14:34:01.391779,,
http://id-com.help/isignesp.php,OpenPhish,2025-08-06T14:34:01.391783,,
https://app-encontrar.app/isignesp.php,OpenPhish,2025-08-06T14:34:01.391787,,
https://loc-ip-enc.services/isignesp.php,OpenPhish,2025-08-06T14:34:01.391790,,
http://aler-t-lcloud.help/isignesp.php,OpenPhish,2025-08-06T14:34:01.391794,,
https://iforgotapple.help/isignesp.php,OpenPhish,2025-08-06T14:34:01.391798,,
http://lcloud-ishop.help/isignesp.php,OpenPhish,2025-08-06T14:34:01.391802,,
https://ledger.3xploit.dev/files/connect.php?user=true,OpenPhish,2025-08-06T14:34:01.391806,,
https://1006rklm22ufri86168-ggew3g33-hiep04us.vercel.app/plekdsoqwxn3sa.html/,OpenPhish,2025-08-06T14:34:01.391810,,
https://jxcbjsc.github.io/xkmaichdf/,OpenPhish,2025-08-06T14:34:01.391813,,
https://idportal.vercel.app/page4.html/,OpenPhish,2025-08-06T14:34:01.391817,,
https://www.kkinstagram.com/reels/DM4cNkioXrj/,OpenPhish,2025-08-06T14:34:01.391821,,
https://www.kkinstagram.com/reels/DL40jSxJWXh/,OpenPhish,2025-08-06T14:34:01.391825,,
https://tkmall18.shop/,OpenPhish,2025-08-06T14:34:01.391828,,
https://workstation-support.com/6213f987e008995eb23b076d903b0f982bff975f,OpenPhish,2025-08-06T14:34:01.391832,,
http://ancient-dew-fc07.fenix-815.workers.dev/bdo-form/personal/digital/bdo-online,OpenPhish,2025-08-06T14:34:01.391836,,
http://ancient-dew-fc07.fenix-815.workers.dev/bdo-form/en/registration,OpenPhish,2025-08-06T14:34:01.391840,,
http://ancient-dew-fc07.fenix-815.workers.dev/bdo-form/en/web/clg/card-activation,OpenPhish,2025-08-06T14:34:01.391843,,
http://ancient-dew-fc07.fenix-815.workers.dev/bdo-form/sso/login,OpenPhish,2025-08-06T14:34:01.391847,,
http://ancient-dew-fc07.fenix-815.workers.dev/bdo-form/auth/realms/retail/custom-login-actions/forgot-username,OpenPhish,2025-08-06T14:34:01.391851,,
http://ancient-dew-fc07.fenix-815.workers.dev/bdo-form/auth/realms/retail/login-actions/reset-credentials,OpenPhish,2025-08-06T14:34:01.391855,,
http://ishoplost.app/isignesp.php,OpenPhish,2025-08-06T14:34:01.391858,,
http://encontrar-phone.help/isignesp.php,OpenPhish,2025-08-06T14:34:01.391862,,
http://asistenciamacstore.app/isignesp.php,OpenPhish,2025-08-06T14:34:01.391866,,
http://mixupsoporte-ishop.com/isignesp.php,OpenPhish,2025-08-06T14:34:01.391870,,
https://onelinebdo.js-form.workers.dev/bdo-form/Fnpkl27wIK0vfZdHLLWZrs9S6TA9ASbhBmmvfwHczY,OpenPhish,2025-08-06T14:34:01.391874,,
https://aktifkanpaylattersxx4.resmi-hkv4.xyz/,OpenPhish,2025-08-06T14:34:01.391877,,
https://virgowelle.vercel.app/managermentloc/abcfghijklmnoqrstuv/zxcvbnmopqrstuvwxyz.html/,OpenPhish,2025-08-06T14:34:01.391881,,
https://mt-add-hitos-cv9d.vercel.app/tionds-crod/transparency.meta.com_sp_00353483110-enforcement-taking-action-restrictins-acounts.html,OpenPhish,2025-08-06T14:34:01.391885,,
https://atkia-31.github.io/facebook-sign-up-page-robin/,OpenPhish,2025-08-06T14:34:01.391888,,
https://contratosdetaxasdaconta.com/entrar.php,OpenPhish,2025-08-06T14:34:01.391892,,
http://asistenciaapple.com/isignesp.php,OpenPhish,2025-08-06T14:34:01.391896,,
https://outlook-jws6b9qh.b4a.run/login.html?jfksdfuiwefuijdnfuewuofhwuiefrghrieyuhiusdfd=1,OpenPhish,2025-08-06T14:34:01.391900,,
https://ofertas.meusaldobrasil.online/,OpenPhish,2025-08-06T14:34:01.391906,,
https://propostaaprovadapagbank.netlify.app/,OpenPhish,2025-08-06T14:34:01.391911,,
https://bet73082.com/lottery,OpenPhish,2025-08-06T14:34:01.391914,,
https://kopmeier0.wixsite.com/attpagelogin,OpenPhish,2025-08-06T14:34:01.391918,,
https://bet73082.com/sport/18,OpenPhish,2025-08-06T14:34:01.391922,,
https://bet73052.com/fish/172,OpenPhish,2025-08-06T14:34:01.391926,,
https://wdefrg43r2.blogspot.com/,OpenPhish,2025-08-06T14:34:01.391929,,
http://bet73045.com/,OpenPhish,2025-08-06T14:34:01.391933,,
https://hemang2208.github.io/Clone_Netflix/,OpenPhish,2025-08-06T14:34:01.391936,,
http://steamcommriunity.com/835397624555,OpenPhish,2025-08-06T14:34:01.391940,,
https://bhautikr2409.github.io/netflix/,OpenPhish,2025-08-06T14:34:01.391944,,
https://9bd4.state-authh.workers.dev/favicon.ico,OpenPhish,2025-08-06T14:34:01.391947,,
https://kshitij12375.github.io/pro/,OpenPhish,2025-08-06T14:34:01.391951,,
https://leonardoasantos1.github.io/FacebookClone/,OpenPhish,2025-08-06T14:34:01.391956,,
https://kartikborude.github.io/Netflix/,OpenPhish,2025-08-06T14:34:01.391960,,
https://tejaswi416.github.io/Netflix_Clone_Project/,OpenPhish,2025-08-06T14:34:01.391964,,
https://suhaibajaz05.github.io/Assignment-CSS-08d/,OpenPhish,2025-08-06T14:34:01.391968,,
https://gabrisousa.github.io/dio-desafio-HTML-CSS3-recriando-a-pagina-inicial-do-instagram/,OpenPhish,2025-08-06T14:34:01.391971,,
https://shubham277353.github.io/amazon-clone/,OpenPhish,2025-08-06T14:34:01.391975,,
https://constyejin.github.io/instagram/index.html,OpenPhish,2025-08-06T14:34:01.391981,,
https://linkedover.com/s/63BZGFSVBWSFCDX7Y9/584dd8/90eab167-7429-489f-99f6-ce86e8d0d81a/,OpenPhish,2025-08-06T14:34:01.391986,,
http://krishna417211.github.io/amazon-clone,OpenPhish,2025-08-06T14:34:01.391989,,
http://secure.current-news-alerts.com/s/63BZGFSVBWSFCDX7Y9/584dd8/90eab167-7429-489f-99f6-ce86e8d0d81a,OpenPhish,2025-08-06T14:34:01.391993,,
http://voicemail.webaccess-alert.com/s/63BZGFSVBWSFCDX7Y9/584dd8/90eab167-7429-489f-99f6-ce86e8d0d81a,OpenPhish,2025-08-06T14:34:01.391997,,
http://owa.consumerproductsconference.com/s/63BZGFSVBWSFCDX7Y9/584dd8/90eab167-7429-489f-99f6-ce86e8d0d81a,OpenPhish,2025-08-06T14:34:01.392000,,
https://sparkasse-de.firebaseapp.com/,OpenPhish,2025-08-06T14:34:01.392005,,
http://virus.tinylink.eu/s/63BZGFSVBWSFCDX7Y9/584dd8/90eab167-7429-489f-99f6-ce86e8d0d81a,OpenPhish,2025-08-06T14:34:01.392009,,
http://webmail.freightinternationalservices.com/s/63BZGFSVBWSFCDX7Y9/584dd8/90eab167-7429-489f-99f6-ce86e8d0d81a,OpenPhish,2025-08-06T14:34:01.392012,,
http://pub-67f59933e214409ea619beb0405922f8.r2.dev/index.html,OpenPhish,2025-08-06T14:34:01.392016,,
http://mail.lucrativehiring.com/s/63BZGFSVBWSFCDX7Y9/584dd8/90eab167-7429-489f-99f6-ce86e8d0d81a,OpenPhish,2025-08-06T14:34:01.392020,,
https://orashi6.github.io/instagram/,OpenPhish,2025-08-06T14:34:01.392023,,
http://ecardalert.com/s/63BZGFSVBWSFCDX7Y9/584dd8/90eab167-7429-489f-99f6-ce86e8d0d81a,OpenPhish,2025-08-06T14:34:01.392027,,
http://billingrefund.securebankinggroup.org/s/63BZGFSVBWSFCDX7Y9/584dd8/90eab167-7429-489f-99f6-ce86e8d0d81a,OpenPhish,2025-08-06T14:34:01.392031,,
http://discontcomputers.com/s/63BZGFSVBWSFCDX7Y9/584dd8/90eab167-7429-489f-99f6-ce86e8d0d81a,OpenPhish,2025-08-06T14:34:01.392034,,
https://ribehan.org/ICCU/,OpenPhish,2025-08-06T14:34:01.392038,,
https://ribehan.org/ICCU/index2.html,OpenPhish,2025-08-06T14:34:01.392041,,
https://ribehan.org/ICCU/email.html,OpenPhish,2025-08-06T14:34:01.392045,,
https://ribehan.org/ICCU/otp.html,OpenPhish,2025-08-06T14:34:01.392049,,
https://ribehan.org/ICCU/personal.html,OpenPhish,2025-08-06T14:34:01.392052,,
https://ribehan.org/ICCU/otp2.html,OpenPhish,2025-08-06T14:34:01.392056,,
https://ribehan.org/ICCU/info.html,OpenPhish,2025-08-06T14:34:01.392059,,
http://tax.securebankinggroup.com/s/63BZGFSVBWSFCDX7Y9/584dd8/90eab167-7429-489f-99f6-ce86e8d0d81a,OpenPhish,2025-08-06T14:34:01.392064,,
http://o365instructions.webaccess-email.com/s/63BZGFSVBWSFCDX7Y9/584dd8/90eab167-7429-489f-99f6-ce86e8d0d81a,OpenPhish,2025-08-06T14:34:01.392068,,
http://webaccess-email.mx/s/63BZGFSVBWSFCDX7Y9/584dd8/90eab167-7429-489f-99f6-ce86e8d0d81a,OpenPhish,2025-08-06T14:34:01.392071,,
http://classifieds.creditunion-authority.com/s/63BZGFSVBWSFCDX7Y9/584dd8/90eab167-7429-489f-99f6-ce86e8d0d81a,OpenPhish,2025-08-06T14:34:01.392077,,
http://nothing.creditunion-authority.com/s/63BZGFSVBWSFCDX7Y9/584dd8/90eab167-7429-489f-99f6-ce86e8d0d81a,OpenPhish,2025-08-06T14:34:01.392081,,
http://verification.healthyemployee.me/s/63BZGFSVBWSFCDX7Y9/584dd8/90eab167-7429-489f-99f6-ce86e8d0d81a,OpenPhish,2025-08-06T14:34:01.392085,,
http://ssl.webaccess-email.mx/s/63BZGFSVBWSFCDX7Y9/584dd8/90eab167-7429-489f-99f6-ce86e8d0d81a,OpenPhish,2025-08-06T14:34:01.392089,,
http://pub-feb99a8e8a744872bd5d9a7a88924454.r2.dev/index.html,OpenPhish,2025-08-06T14:34:01.392092,,
http://2g3eff33.blogspot.com/,OpenPhish,2025-08-06T14:34:01.392096,,
http://2g3eff33.blogspot.com.mt/,OpenPhish,2025-08-06T14:34:01.392100,,
https://dcfvre11.blogspot.tw/,OpenPhish,2025-08-06T14:34:01.392106,,
https://dcfvre11.blogspot.com/,OpenPhish,2025-08-06T14:34:01.392111,,
https://sdcfvdew.blogspot.com/,OpenPhish,2025-08-06T14:34:01.392115,,
https://www.robuux12.blogspot.com.by/,OpenPhish,2025-08-06T14:34:01.392119,,
http://www.robuux12.blogspot.com.es/,OpenPhish,2025-08-06T14:34:01.392123,,
https://robuux12.blogspot.pe/,OpenPhish,2025-08-06T14:34:01.392126,,
https://www.robuux12.blogspot.com.co/,OpenPhish,2025-08-06T14:34:01.392131,,
https://www.sonai-eight.vercel.app/,OpenPhish,2025-08-06T14:34:01.392135,,
http://www.vtuyk.weebly.com/,OpenPhish,2025-08-06T14:34:01.392138,,
http://www.shawmailupdated.weebly.com/,OpenPhish,2025-08-06T14:34:01.392142,,
http://www.kkinstagram.com/share/reel/BALRdMWf0U/,OpenPhish,2025-08-06T14:34:01.392145,,
https://www.coinbase-black-ten.vercel.app/,OpenPhish,2025-08-06T14:34:01.392149,,
https://scaia.cc/m/index.html,OpenPhish,2025-08-06T14:34:01.392153,,
https://free-5555167.webadorsite.com/,OpenPhish,2025-08-06T14:34:01.392156,,
http://ywh1c2tleubxyi1lbmvyz3kuy29t.directsmailsolution.com/qrc-ac/?png=YWh1c2tleUBxYi1lbmVyZ3kuY29t,OpenPhish,2025-08-06T14:34:01.392160,,
https://www.kkinstagram.com/reel/DM9YcxDO5F4/,OpenPhish,2025-08-06T14:34:01.392163,,
https://prouteinnenumu.vercel.app/ymmktetry.rcpzvd/,OpenPhish,2025-08-06T14:34:01.392167,,
https://sahkojfgas.com/,OpenPhish,2025-08-06T14:34:01.392171,,
https://help-terazarsuite.webflow.io/,OpenPhish,2025-08-06T14:34:01.392175,,
https://legerrcom-start.webflow.io/,OpenPhish,2025-08-06T14:34:01.392178,,
https://lieggercom-starts.webflow.io/,OpenPhish,2025-08-06T14:34:01.392182,,
https://tokeaon.im/,OpenPhish,2025-08-06T14:34:01.392186,,
https://auth-membershipbill.tandlaegerneistodendk.kinsta.cloud/bills/,OpenPhish,2025-08-06T14:34:01.392189,,
https://ee-network.web.app/,OpenPhish,2025-08-06T14:34:01.392193,,
https://moonmotivelgen.godaddysites.com/,OpenPhish,2025-08-06T14:34:01.392196,,
https://garbagecollertors.appeal.today/,OpenPhish,2025-08-06T14:34:01.392200,,
https://defre321.blogspot.com/,OpenPhish,2025-08-06T14:34:01.392204,,
https://b45020.com/sport/18,OpenPhish,2025-08-06T14:34:01.392208,,
https://bet73022.com/,OpenPhish,2025-08-06T14:34:01.392211,,
https://b45020.com/egame/159,OpenPhish,2025-08-06T14:34:01.392215,,
https://b45020.com/promo,OpenPhish,2025-08-06T14:34:01.392219,,
https://b45020.com/fish/202,OpenPhish,2025-08-06T14:34:01.392222,,
https://b45020.com/fish/172,OpenPhish,2025-08-06T14:34:01.392229,,
https://wholesale.haccpindia.com/,OpenPhish,2025-08-06T14:34:01.392232,,
https://bet73039.com/,OpenPhish,2025-08-06T14:34:01.392236,,
https://tiktokvipshop.shop/,OpenPhish,2025-08-06T14:34:01.392239,,
https://sh-cp1-mx.yyz2.servername.online/~estev145/block-ingnis/GENT/hulps/nkl-log.php,OpenPhish,2025-08-06T14:34:01.392243,,
https://bet73082.com/lottery/134,OpenPhish,2025-08-06T14:34:01.392247,,
https://bet73091.com/fish/29,OpenPhish,2025-08-06T14:34:01.392250,,
https://kasnahi.net/,OpenPhish,2025-08-06T14:34:01.392254,,
https://h5.hightmembers.com/,OpenPhish,2025-08-06T14:34:01.392257,,
https://bet73034.com/egame/89,OpenPhish,2025-08-06T14:34:01.392261,,
http://pacdesign.eu/wp-admin/ark.html,OpenPhish,2025-08-06T14:34:01.392264,,
https://metamsketh.com/,OpenPhish,2025-08-06T14:34:01.392268,,
https://bet73034.com/egame/197,OpenPhish,2025-08-06T14:34:01.392272,,
https://bet73034.com/casino,OpenPhish,2025-08-06T14:34:01.392275,,
https://bet73034.com/egame/221,OpenPhish,2025-08-06T14:34:01.392279,,
https://bet73034.com/egame/61,OpenPhish,2025-08-06T14:34:01.392283,,
https://bet73034.com/egame/159,OpenPhish,2025-08-06T14:34:01.392287,,
https://b45042.com/egame/221,OpenPhish,2025-08-06T14:34:01.392290,,
https://bet73034.com/egame/173,OpenPhish,2025-08-06T14:34:01.392294,,
https://bet73034.com/sport/184,OpenPhish,2025-08-06T14:34:01.392300,,
https://bet73027.com/fish/214,OpenPhish,2025-08-06T14:34:01.392304,,
https://bet73027.com/about/contact,OpenPhish,2025-08-06T14:34:01.392308,,
https://bet73034.com/fish/214,OpenPhish,2025-08-06T14:34:01.392312,,
https://ipfs.io/ipfs/bafybeihzge2ezjgjlwifb6ewg5lc3cwi6glg2vls5welbot3pncfdmqgza,OpenPhish,2025-08-06T14:34:01.392315,,
https://b45042.com/egame/202,OpenPhish,2025-08-06T14:34:01.392319,,
https://bet73027.com/sport/19,OpenPhish,2025-08-06T14:34:01.392326,,
https://bet73027.com/lottery/99,OpenPhish,2025-08-06T14:34:01.392329,,
https://bet73027.com/fish/172,OpenPhish,2025-08-06T14:34:01.392333,,
https://b45042.com/egame/214,OpenPhish,2025-08-06T14:34:01.392336,,
https://bet73027.com/fish/202,OpenPhish,2025-08-06T14:34:01.392340,,
https://paypageld.info/,OpenPhish,2025-08-06T14:34:01.392344,,
https://b45042.com/sport/174,OpenPhish,2025-08-06T14:34:01.392347,,
https://b45042.com/sport/183,OpenPhish,2025-08-06T14:34:01.392354,,
https://b45042.com/egame/218,OpenPhish,2025-08-06T14:34:01.392358,,
https://b45042.com/fish/197,OpenPhish,2025-08-06T14:34:01.392362,,
https://b45042.com/egame/173,OpenPhish,2025-08-06T14:34:01.392365,,
https://imtonkem.im/,OpenPhish,2025-08-06T14:34:01.392369,,
https://mn839h3w9wo-eyhzd9emejaueyad.canadacentral-01.azurewebsites.net/j9qa/nh089asi.html?id=phishing-dpdhl@dhl.com,OpenPhish,2025-08-06T14:34:01.392373,,
https://steamcommunllity.com/idu948892092409924091092409292409d09f980209-24124,OpenPhish,2025-08-06T14:34:01.392377,,
https://pub-28d82ce6c6704e93bf5f9d178edc4ce5.r2.dev/campain.newsletter.clicks.ec88c88ae4615bbc36ab6ce4110915bbc36ab6ce41109.html,OpenPhish,2025-08-06T14:34:01.392381,,
https://bet73034.com/about/cookies,OpenPhish,2025-08-06T14:34:01.392384,,
https://bet73034.com/sport/44,OpenPhish,2025-08-06T14:34:01.392388,,
https://b45020.com/egame/271,OpenPhish,2025-08-06T14:34:01.392392,,
https://bet73034.com/lottery/79,OpenPhish,2025-08-06T14:34:01.392395,,
https://bet73027.com/poker/109,OpenPhish,2025-08-06T14:34:01.392398,,
https://bet73034.com/egame/76,OpenPhish,2025-08-06T14:34:01.392402,,
https://bet73034.com/egame/187,OpenPhish,2025-08-06T14:34:01.392406,,
https://bet73034.com/poker/200,OpenPhish,2025-08-06T14:34:01.392409,,
https://bet73034.com/egame/24,OpenPhish,2025-08-06T14:34:01.392413,,
https://bet73034.com/egame/218,OpenPhish,2025-08-06T14:34:01.392416,,
https://bet73034.com/poker/216,OpenPhish,2025-08-06T14:34:01.392420,,
https://bet73034.com/egame/78,OpenPhish,2025-08-06T14:34:01.392424,,
https://bet73034.com/fish/91,OpenPhish,2025-08-06T14:34:01.392427,,
https://bet73034.com/egame/196,OpenPhish,2025-08-06T14:34:01.392431,,
https://small-cloud-afdc.aarav-1.workers.dev/bdo-form/personal/digital/apply,OpenPhish,2025-08-06T14:34:01.392434,,
https://small-cloud-afdc.aarav-1.workers.dev/bdo-form/en/web/clg/en/web/clg/card-activation,OpenPhish,2025-08-06T14:34:01.392438,,
https://small-cloud-afdc.aarav-1.workers.dev/bdo-form/en/apply,OpenPhish,2025-08-06T14:34:01.392441,,
https://small-cloud-afdc.aarav-1.workers.dev/bdo-form/en/auth/realms/retail/custom-login-actions/forgot-username,OpenPhish,2025-08-06T14:34:01.392445,,
https://small-cloud-afdc.aarav-1.workers.dev/bdo-form/en/web/clg/personal/digital/bdo-online,OpenPhish,2025-08-06T14:34:01.392449,,
https://small-cloud-afdc.aarav-1.workers.dev/bdo-form/auth/realms/retail/custom-login-actions/en/registration,OpenPhish,2025-08-06T14:34:01.392452,,
https://small-cloud-afdc.aarav-1.workers.dev/bdo-form/auth/realms/retail/custom-login-actions/en/web/clg/card-activation,OpenPhish,2025-08-06T14:34:01.392456,,
https://small-cloud-afdc.aarav-1.workers.dev/bdo-form/personal/digital/auth/realms/retail/login-actions/reset-credentials,OpenPhish,2025-08-06T14:34:01.392459,,
https://small-cloud-afdc.aarav-1.workers.dev/bdo-form/en/web/clg/en/registration,OpenPhish,2025-08-06T14:34:01.392463,,
https://small-cloud-afdc.aarav-1.workers.dev/bdo-form/en/auth/realms/retail/login-actions/reset-credentials,OpenPhish,2025-08-06T14:34:01.392469,,
https://small-cloud-afdc.aarav-1.workers.dev/bdo-form/en/web/clg/auth/realms/retail/login-actions/reset-credentials,OpenPhish,2025-08-06T14:34:01.392473,,
https://small-cloud-afdc.aarav-1.workers.dev/bdo-form/auth/realms/retail/custom-login-actions/sso/login,OpenPhish,2025-08-06T14:34:01.392477,,
https://small-cloud-afdc.aarav-1.workers.dev/bdo-form/en/personal/digital/bdo-online,OpenPhish,2025-08-06T14:34:01.392482,,
https://small-cloud-afdc.aarav-1.workers.dev/bdo-form/en/web/clg/sso/login,OpenPhish,2025-08-06T14:34:01.392485,,
https://small-cloud-afdc.aarav-1.workers.dev/bdo-form/en/en/web/clg/card-activation,OpenPhish,2025-08-06T14:34:01.392489,,
https://small-cloud-afdc.aarav-1.workers.dev/bdo-form/en/en/registration,OpenPhish,2025-08-06T14:34:01.392493,,
https://small-cloud-afdc.aarav-1.workers.dev/bdo-form/en/web/clg/apply,OpenPhish,2025-08-06T14:34:01.392499,,
https://small-cloud-afdc.aarav-1.workers.dev/bdo-form/personal/digital/en/registration,OpenPhish,2025-08-06T14:34:01.392503,,
https://small-cloud-afdc.aarav-1.workers.dev/bdo-form/personal/digital/en/web/clg/card-activation,OpenPhish,2025-08-06T14:34:01.392507,,
https://small-cloud-afdc.aarav-1.workers.dev/bdo-form/en/sso/login,OpenPhish,2025-08-06T14:34:01.392510,,
https://small-cloud-afdc.aarav-1.workers.dev/bdo-form/personal/digital/sso/login,OpenPhish,2025-08-06T14:34:01.392514,,
https://small-cloud-afdc.aarav-1.workers.dev/bdo-form/auth/realms/retail/custom-login-actions/auth/realms/retail/login-actions/reset-credentials,OpenPhish,2025-08-06T14:34:01.392518,,
https://small-cloud-afdc.aarav-1.workers.dev/bdo-form/auth/realms/retail/custom-login-actions/personal/digital/bdo-online,OpenPhish,2025-08-06T14:34:01.392521,,
https://small-cloud-afdc.aarav-1.workers.dev/bdo-form/en/web/clg/auth/realms/retail/custom-login-actions/forgot-username,OpenPhish,2025-08-06T14:34:01.392525,,
https://small-cloud-afdc.aarav-1.workers.dev/bdo-form/auth/realms/retail/custom-login-actions/apply,OpenPhish,2025-08-06T14:34:01.392528,,
https://small-cloud-afdc.aarav-1.workers.dev/bdo-form/personal/digital/personal/digital/bdo-online,OpenPhish,2025-08-06T14:34:01.392532,,
https://bet73088.com/fish/81,OpenPhish,2025-08-06T14:34:01.392535,,
https://small-cloud-afdc.aarav-1.workers.dev/bdo-form/auth/realms/retail/login-actions/en/web/clg/card-activation,OpenPhish,2025-08-06T14:34:01.392539,,
https://bet73088.com/sport/281,OpenPhish,2025-08-06T14:34:01.392543,,
https://small-cloud-afdc.aarav-1.workers.dev/bdo-form/auth/realms/retail/login-actions/auth/realms/retail/custom-login-actions/forgot-username,OpenPhish,2025-08-06T14:34:01.392546,,
https://small-cloud-afdc.aarav-1.workers.dev/bdo-form/auth/realms/retail/login-actions/en/registration,OpenPhish,2025-08-06T14:34:01.392550,,
https://small-cloud-afdc.aarav-1.workers.dev/bdo-form/auth/realms/retail/login-actions/auth/realms/retail/login-actions/reset-credentials,OpenPhish,2025-08-06T14:34:01.392553,,
https://small-cloud-afdc.aarav-1.workers.dev/bdo-form/auth/realms/retail/login-actions/sso/login,OpenPhish,2025-08-06T14:34:01.392557,,
https://small-cloud-afdc.aarav-1.workers.dev/bdo-form/auth/realms/retail/custom-login-actions/auth/realms/retail/custom-login-actions/forgot-username,OpenPhish,2025-08-06T14:34:01.392560,,
https://small-cloud-afdc.aarav-1.workers.dev/bdo-form/auth/realms/retail/login-actions/personal/digital/bdo-online,OpenPhish,2025-08-06T14:34:01.392564,,
https://bet73088.com/sport/184,OpenPhish,2025-08-06T14:34:01.392571,,
https://small-cloud-afdc.aarav-1.workers.dev/bdo-form/personal/digital/auth/realms/retail/custom-login-actions/forgot-username,OpenPhish,2025-08-06T14:34:01.392575,,
https://small-cloud-afdc.aarav-1.workers.dev/bdo-form/auth/realms/retail/login-actions/apply,OpenPhish,2025-08-06T14:34:01.392578,,
https://bet73034.com/poker/186,OpenPhish,2025-08-06T14:34:01.392582,,
https://bet73034.com/fish/104,OpenPhish,2025-08-06T14:34:01.392586,,
https://bet73034.com/poker/125,OpenPhish,2025-08-06T14:34:01.392600,,
https://bet73034.com/egame/11,OpenPhish,2025-08-06T14:34:01.392607,,
https://bet73088.com/promo,OpenPhish,2025-08-06T14:34:01.392610,,
https://web-1inch.com/,OpenPhish,2025-08-06T14:34:01.392614,,
https://bet73088.com/fish/196,OpenPhish,2025-08-06T14:34:01.392618,,
https://bet73088.com/egame/218,OpenPhish,2025-08-06T14:34:01.392622,,
https://bet73088.com/poker/109,OpenPhish,2025-08-06T14:34:01.392626,,
https://bet73088.com/poker/186,OpenPhish,2025-08-06T14:34:01.392630,,
https://bet73088.com/fish/202,OpenPhish,2025-08-06T14:34:01.392633,,
https://mx1.jimpike.com.au/mobile/front/,OpenPhish,2025-08-06T14:34:01.392637,,
https://account.autodiscover.glsnsw.com.au/mobile/front/,OpenPhish,2025-08-06T14:34:01.392640,,
https://steamcommunllity.com/id=5384380492,OpenPhish,2025-08-06T14:34:01.392644,,
https://ipfs.io/ipfs/bafkreihyvv7yepa27rkj7fmuuy4dfupqmdidcdcr4ite22xhrcm5rdnb3u/,OpenPhish,2025-08-06T14:34:01.392648,,
https://coinbase-extension-key.typedream.app/,OpenPhish,2025-08-06T14:34:01.392651,,
https://qlosptlineoolz.zya.me/?i=1,OpenPhish,2025-08-06T14:34:01.392655,,
https://ujjwalmishraazm.github.io/amazon_clone/,OpenPhish,2025-08-06T14:34:01.392658,,
https://1006rklm22ufri86168-ggew3g33-hiep04us.vercel.app/plekdsoqwxn3sa.html,OpenPhish,2025-08-06T14:34:01.392662,,
http://telschig.pro/cn/upload/?email=A3mail@b.c,OpenPhish,2025-08-06T14:34:01.392666,,
https://io--sso-ndaax--view-cd.webflow.io/,OpenPhish,2025-08-06T14:34:01.392669,,
https://akadcoder.github.io/Project-Ui-Clone/,OpenPhish,2025-08-06T14:34:01.392673,,
https://shreshank.github.io/netflix-clone/,OpenPhish,2025-08-06T14:34:01.392676,,
https://aashujeet6260.github.io/netflix_clone.github.io/,OpenPhish,2025-08-06T14:34:01.392680,,
https://accounts.marketwebb.mobi/en/login,OpenPhish,2025-08-06T14:34:01.392684,,
https://pub-98040ea363724ccebacba31c3ad69f60.r2.dev/index.html,OpenPhish,2025-08-06T14:34:01.392687,,
https://sheethalshobi.github.io/AmazonClone/,OpenPhish,2025-08-06T14:34:01.392691,,
https://rambhavn.github.io/netflix-clone/,OpenPhish,2025-08-06T14:34:01.392694,,
https://pub-f9a5c0a6eb6f4ccdae33c7dfb02df452.r2.dev/index.html,OpenPhish,2025-08-06T14:34:01.392698,,
https://jackbams.github.io/,OpenPhish,2025-08-06T14:34:01.392704,,
https://www.chatb-ws.xyz/,OpenPhish,2025-08-06T14:34:01.392708,,
https://ssowmiya25.github.io/AMAZON-CLONE/,OpenPhish,2025-08-06T14:34:01.392712,,
https://vishwas3170.github.io/netflix-clone/,OpenPhish,2025-08-06T14:34:01.392716,,
http://steamcomunnity.cc/dota_item/71905,OpenPhish,2025-08-06T14:34:01.392719,,
https://netflix-clone-ui-nu.vercel.app/,OpenPhish,2025-08-06T14:34:01.392723,,
https://hafzism.github.io/netflix/,OpenPhish,2025-08-06T14:34:01.392729,,
https://kissingwills555.github.io/teethteeth/,OpenPhish,2025-08-06T14:34:01.392733,,
https://kebupehoipei.vercel.app/psyrfvohbn.html/noobkvvighe.html,OpenPhish,2025-08-06T14:34:01.392737,,
https://33.pilot45.com/index.html,OpenPhish,2025-08-06T14:34:01.392740,,
https://waltercp.github.io/ejemplo/index.html,OpenPhish,2025-08-06T14:34:01.392744,,
https://ipfs.io/ipfs/bafkreidlvqgmiyjtdmjd3eof5vb6nzpknu4p6vtgjonx3erjsjtgyjnajy,OpenPhish,2025-08-06T14:34:01.392748,,
https://gov-au.couber.com.br/au/q99550/l1254net1.php?id=65291126,OpenPhish,2025-08-06T14:34:01.392751,,
https://saurabhkhot19.github.io/amazon_clone_website.io/,OpenPhish,2025-08-06T14:34:01.392756,,
https://student-upnacollege.github.io/Amazon-clone/,OpenPhish,2025-08-06T14:34:01.392760,,
https://bdoonline.faqs-recommended.workers.dev/bdo-form/c4DqaLabQhLCLbx3Ry49dALYlE3kMaokSDDteVEURk,OpenPhish,2025-08-06T14:34:01.392763,,
https://dynamic-choux-7680ee.netlify.app/,OpenPhish,2025-08-06T14:34:01.392767,,
https://ipfs.io/ipfs/bafybeicx534r5atnlwxaivxw67skghfw56bjgh5c6dql7hi3zr45sunm74/roundcube-3rdparty-_task32inbox.html,OpenPhish,2025-08-06T14:34:01.392771,,
https://asadur-05.github.io/project1/,OpenPhish,2025-08-06T14:34:01.392774,,
https://caixadirecta-protocolar.com/login.php,OpenPhish,2025-08-06T14:34:01.392778,,
https://rameen799.github.io/netflix/,OpenPhish,2025-08-06T14:34:01.392781,,
https://sinankaladath.github.io/Netflix-clone/,OpenPhish,2025-08-06T14:34:01.392785,,
https://usmankhalid20.github.io/Netflix-Clone/,OpenPhish,2025-08-06T14:34:01.392788,,
https://pub-559119878701455b96369dceaf339b93.r2.dev/index.html,OpenPhish,2025-08-06T14:34:01.392792,,
https://shivangishardul.github.io/amazon-clone/,OpenPhish,2025-08-06T14:34:01.392796,,
https://dsws.thonglorpet.com/cv3ewcd/,OpenPhish,2025-08-06T14:34:01.392799,,
https://tejaswini-ganji.github.io/amazon-clone/,OpenPhish,2025-08-06T14:34:01.392803,,
https://geekshreyas.github.io/Netflix-clone/,OpenPhish,2025-08-06T14:34:01.392806,,
https://pub-58f1d5f59c2149f8b470769754097f96.r2.dev/index.html,OpenPhish,2025-08-06T14:34:01.392810,,
https://shahriar-mahmud-rakib.github.io/Amazon-Clone/,OpenPhish,2025-08-06T14:34:01.392814,,
https://ipfs.io/ipfs/bafkreihojtyyatli4f4e7nb7jtdekgqlrsys4zt7d67inwgqlp7tnmsmbe,OpenPhish,2025-08-06T14:34:01.392817,,
https://sripriya8156.github.io/index/,OpenPhish,2025-08-06T14:34:01.392824,,
https://my--help-ndax-aauth.webflow.io/,OpenPhish,2025-08-06T14:34:01.392828,,
https://ahmedscriptizer.github.io/Netflix-clone/,OpenPhish,2025-08-06T14:34:01.392831,,
https://pub-40ea7438bede4d77bad8f6c9675b1885.r2.dev/index.html,OpenPhish,2025-08-06T14:34:01.392835,,
https://thongsukjewelry.com/wp-includes/blobvera.html,OpenPhish,2025-08-06T14:34:01.392838,,
https://app-id-om.github.io/,OpenPhish,2025-08-06T14:34:01.392842,,
https://serviced-dupe.vercel.app/fiscal-net,OpenPhish,2025-08-06T14:34:01.392846,,
https://serenity-serve-html-for-rbi-1066121706019.europe-west3.run.app/serve_html/amtest_1753093362_1_98798bf85c2b63f3e51a4050d2416f8283a3d356ccbceb19573ee5266ad07978,OpenPhish,2025-08-06T14:34:01.392852,,
https://punit2908.github.io/Netflix-Clone/,OpenPhish,2025-08-06T14:34:01.392856,,
https://soportedecuenta.github.io/,OpenPhish,2025-08-06T14:34:01.392860,,
https://subcoder006.github.io/netflix-clone/,OpenPhish,2025-08-06T14:34:01.392864,,
https://onlinebdo.serv-contracts.workers.dev/bdo-form/Ej1CuwlQdkfIfhePqyn5s4rBs2J4E9UoPADwkjL06t,OpenPhish,2025-08-06T14:34:01.392867,,
https://fayizsalam.github.io/Netflix-clone/,OpenPhish,2025-08-06T14:34:01.392871,,
https://irs-secure.com/verify?ref=748,Generated,2025-08-06T14:34:01.415262,Various,
https://apple-verify.com/account?token=7ee26vz6,Generated,2025-08-06T14:34:01.415299,Various,
https://gmail-secure.com/update?verify=68231,Generated,2025-08-06T14:34:01.415315,Various,
https://irs-verify.com/account?token=t1de0x7u,Generated,2025-08-06T14:34:01.415328,Various,
https://facebook-verify.com/login?verify=66469,Generated,2025-08-06T14:34:01.415341,Various,
https://paypal-verify.com/update?token=07dsx57u,Generated,2025-08-06T14:34:01.415355,Various,
https://ebay-secure.com/update?session=2ZMOWO51XVEZ,Generated,2025-08-06T14:34:01.415367,Various,
https://microsoft-verify.com/update?session=4P3RRBJPMKJY,Generated,2025-08-06T14:34:01.415379,Various,
https://outlook-verify.com/account?verify=81680,Generated,2025-08-06T14:34:01.415392,Various,
https://ssa-verify.com/update?token=kknqik02,Generated,2025-08-06T14:34:01.415407,Various,
https://ssa-verify.com/update?session=RT3LPR02I7W9,Generated,2025-08-06T14:34:01.415476,Various,
https://google-secure.com/verify?ref=928,Generated,2025-08-06T14:34:01.415520,Various,
https://gmail-verify.com/update?ref=351,Generated,2025-08-06T14:34:01.415539,Various,
https://secure-login.chase-bank.com/verify?verify=99263,Generated,2025-08-06T14:34:01.415603,Various,
https://outlook-verify.com/account?ref=670,Generated,2025-08-06T14:34:01.415642,Various,
https://yahoo-secure.com/verify?ref=284,Generated,2025-08-06T14:34:01.415664,Various,
https://instagram-verify.com/login?token=gua1m7kk,Generated,2025-08-06T14:34:01.415682,Various,
https://irs-verify.com/account?token=rr3ktzwm,Generated,2025-08-06T14:34:01.415698,Various,
https://instagram-verify.com/login?ref=242,Generated,2025-08-06T14:34:01.415717,Various,
https://walmart-secure.com/verify?ref=182,Generated,2025-08-06T14:34:01.415773,Various,
https://gmail-verify.com/update?ref=517,Generated,2025-08-06T14:34:01.415793,Various,
https://outlook-secure.com/verify?verify=45561,Generated,2025-08-06T14:34:01.415834,Various,
https://instagram-verify.com/login?token=9o3hfy7x,Generated,2025-08-06T14:34:01.415852,Various,
https://yahoo-secure.com/verify?session=6JH2O768SG03,Generated,2025-08-06T14:34:01.415871,Various,
https://usps-secure.com/verify?session=DTGZO6C2KY5R,Generated,2025-08-06T14:34:01.415890,Various,
https://ebay-secure.com/update?verify=29233,Generated,2025-08-06T14:34:01.415909,Various,
https://walmart-secure.com/verify?id=3166,Generated,2025-08-06T14:34:01.415941,Various,
https://apple-secure.com/verify?id=7586,Generated,2025-08-06T14:34:01.415958,Various,
https://dmv-secure.com/update?id=5076,Generated,2025-08-06T14:34:01.415976,Various,
https://www.bankofamerica-secure.com/login?id=9919,Generated,2025-08-06T14:34:01.415993,Various,
https://wellsfargo-secure.com/account/verify?token=l2ozg7b4,Generated,2025-08-06T14:34:01.416014,Various,
https://outlook-secure.com/verify?ref=898,Generated,2025-08-06T14:34:01.416034,Various,
https://chase-banking.com/secure/login?verify=11239,Generated,2025-08-06T14:34:01.416054,Various,
https://google-secure.com/verify?verify=69328,Generated,2025-08-06T14:34:01.416073,Various,
https://bankofamerica-verify.com/account?ref=580,Generated,2025-08-06T14:34:01.416093,Various,
https://apple-secure.com/verify?session=H402QEPZN875,Generated,2025-08-06T14:34:01.416109,Various,
https://facebook-secure.com/login?token=reztt700,Generated,2025-08-06T14:34:01.416129,Various,
https://target-secure.com/update?ref=829,Generated,2025-08-06T14:34:01.416151,Various,
https://yahoo-secure.com/verify?ref=376,Generated,2025-08-06T14:34:01.416173,Various,
https://www.bankofamerica-secure.com/login?session=FY8D5AT0KVHT,Generated,2025-08-06T14:34:01.416196,Various,
https://apple-verify.com/account?id=1491,Generated,2025-08-06T14:34:01.416217,Various,
https://amazon-secure.com/verify?id=6347,Generated,2025-08-06T14:34:01.416241,Various,
https://microsoft-secure.com/update?id=2810,Generated,2025-08-06T14:34:01.416264,Various,
https://walmart-secure.com/verify?token=902km0a4,Generated,2025-08-06T14:34:01.416282,Various,
https://outlook-verify.com/account?id=1118,Generated,2025-08-06T14:34:01.416303,Various,
https://microsoft-verify.com/update?verify=45522,Generated,2025-08-06T14:34:01.416327,Various,
https://gmail-verify.com/update?session=8IV7O77QJD95,Generated,2025-08-06T14:34:01.416345,Various,
https://paypal-verify.com/update?session=KCRWPFL5NEKK,Generated,2025-08-06T14:34:01.416365,Various,
https://bankofamerica-verify.com/account?id=5955,Generated,2025-08-06T14:34:01.416384,Various,
https://ssa-secure.com/update?token=tzn7jrf2,Generated,2025-08-06T14:34:01.416402,Various,
https://wellsfargo-verify.com/login?session=6CA17C8IR40L,Generated,2025-08-06T14:34:01.416425,Various,
https://ebay-verify.com/update?ref=941,Generated,2025-08-06T14:34:01.416460,Various,
https://ebay-verify.com/update?ref=381,Generated,2025-08-06T14:34:01.416488,Various,
https://twitter-secure.com/account?ref=672,Generated,2025-08-06T14:34:01.416543,Various,
https://outlook-secure.com/verify?session=PI5RAF39XN03,Generated,2025-08-06T14:34:01.416572,Various,
https://wellsfargo-secure.com/account/verify?ref=841,Generated,2025-08-06T14:34:01.416595,Various,
https://instagram-verify.com/login?ref=854,Generated,2025-08-06T14:34:01.416617,Various,
https://ssa-verify.com/update?ref=532,Generated,2025-08-06T14:34:01.416645,Various,
https://instagram-verify.com/login?ref=156,Generated,2025-08-06T14:34:01.416673,Various,
https://apple-secure.com/verify?session=DOG1DFEQK5KE,Generated,2025-08-06T14:34:01.416700,Various,
https://chase-banking.com/secure/login?ref=517,Generated,2025-08-06T14:34:01.416724,Various,
https://dmv-secure.com/update?verify=26806,Generated,2025-08-06T14:34:01.416747,Various,
https://apple-verify.com/account?ref=803,Generated,2025-08-06T14:34:01.416772,Various,
https://google-secure.com/verify?verify=79781,Generated,2025-08-06T14:34:01.416797,Various,
https://facebook-secure.com/login?ref=682,Generated,2025-08-06T14:34:01.416828,Various,
https://wellsfargo-verify.com/login?id=9134,Generated,2025-08-06T14:34:01.416853,Various,
https://instagram-verify.com/login?ref=343,Generated,2025-08-06T14:34:01.416879,Various,
https://secure-login.chase-bank.com/verify?session=34G7W02HR613,Generated,2025-08-06T14:34:01.416912,Various,
https://netflix-secure.com/update?token=7tk12aal,Generated,2025-08-06T14:34:01.416935,Various,
https://apple-secure.com/verify?verify=55839,Generated,2025-08-06T14:34:01.416963,Various,
https://amazon-verify.com/account?verify=86589,Generated,2025-08-06T14:34:01.416991,Various,
https://target-secure.com/update?ref=782,Generated,2025-08-06T14:34:01.417013,Various,
https://ssa-secure.com/update?session=2D1QILDG6IP1,Generated,2025-08-06T14:34:01.417028,Various,
https://paypal-verify.com/update?ref=147,Generated,2025-08-06T14:34:01.417058,Various,
https://yahoo-secure.com/verify?ref=709,Generated,2025-08-06T14:34:01.417077,Various,
https://outlook-secure.com/verify?id=3109,Generated,2025-08-06T14:34:01.417095,Various,
https://outlook-secure.com/verify?verify=75163,Generated,2025-08-06T14:34:01.417110,Various,
https://target-secure.com/update?verify=97883,Generated,2025-08-06T14:34:01.417123,Various,
https://outlook-verify.com/account?token=n7c649pj,Generated,2025-08-06T14:34:01.417137,Various,
https://walmart-secure.com/verify?id=8700,Generated,2025-08-06T14:34:01.417152,Various,
https://dmv-secure.com/update?ref=694,Generated,2025-08-06T14:34:01.417171,Various,
https://linkedin-verify.com/account?session=71EJORGMCK7E,Generated,2025-08-06T14:34:01.417199,Various,
https://secure-login.chase-bank.com/verify?ref=426,Generated,2025-08-06T14:34:01.417222,Various,
https://facebook-secure.com/login?ref=462,Generated,2025-08-06T14:34:01.417245,Various,
https://microsoft-verify.com/update?verify=69941,Generated,2025-08-06T14:34:01.417266,Various,
https://chase-banking.com/secure/login?token=ixpum4m2,Generated,2025-08-06T14:34:01.417288,Various,
https://irs-secure.com/verify?session=03RL7NSCSJ35,Generated,2025-08-06T14:34:01.417309,Various,
https://chase-banking.com/secure/login?id=2033,Generated,2025-08-06T14:34:01.417333,Various,
https://apple-secure.com/verify?id=4597,Generated,2025-08-06T14:34:01.417363,Various,
https://chase-banking.com/secure/login?id=1943,Generated,2025-08-06T14:34:01.417397,Various,
https://paypal-verify.com/update?verify=23505,Generated,2025-08-06T14:34:01.417427,Various,
https://paypal-secure.com/update?session=TUYN0VJIGQRH,Generated,2025-08-06T14:34:01.417453,Various,
https://ebay-verify.com/update?verify=40638,Generated,2025-08-06T14:34:01.417483,Various,
https://microsoft-verify.com/update?ref=130,Generated,2025-08-06T14:34:01.417515,Various,
https://ssa-secure.com/update?id=6679,Generated,2025-08-06T14:34:01.417541,Various,
https://ssa-secure.com/update?id=1225,Generated,2025-08-06T14:34:01.417579,Various,
https://ebay-verify.com/update?id=3283,Generated,2025-08-06T14:34:01.417600,Various,
https://gmail-verify.com/update?id=4841,Generated,2025-08-06T14:34:01.417622,Various,
https://google-secure.com/verify?session=EHD6TEPXHY7P,Generated,2025-08-06T14:34:01.417640,Various,
https://paypal-secure.com/update?session=7SLZ5RZZG9EJ,Generated,2025-08-06T14:34:01.417667,Various,
https://amazon-verify.com/account?ref=865,Generated,2025-08-06T14:34:01.417701,Various,
https://www.twitter-verify.com/account?verify=10835,Generated,2025-08-06T14:34:01.417736,Various,
https://gmail-verify.com/update?verify=74312,Generated,2025-08-06T14:34:01.417753,Various,
https://paypal-verify.com/update?ref=685,Generated,2025-08-06T14:34:01.417771,Various,
https://target-secure.com/update?id=2500,Generated,2025-08-06T14:34:01.417788,Various,
https://ebay-secure.com/update?ref=170,Generated,2025-08-06T14:34:01.417807,Various,
https://google-secure.com/verify?session=8T4ZNE6JQS1V,Generated,2025-08-06T14:34:01.417820,Various,
https://www.twitter-verify.com/account?session=SLY7IF4THZEB,Generated,2025-08-06T14:34:01.417854,Various,
https://usps-secure.com/verify?session=VVCOQJ2N1X07,Generated,2025-08-06T14:34:01.417868,Various,
https://microsoft-verify.com/update?token=10qmbus8,Generated,2025-08-06T14:34:01.417886,Various,
https://ebay-verify.com/update?ref=520,Generated,2025-08-06T14:34:01.417899,Various,
https://linkedin-verify.com/account?session=T8ZYZQEEJ48C,Generated,2025-08-06T14:34:01.417911,Various,
https://gmail-secure.com/update?id=1853,Generated,2025-08-06T14:34:01.417923,Various,
https://gmail-verify.com/update?ref=250,Generated,2025-08-06T14:34:01.417941,Various,
https://ssa-verify.com/update?token=c13dkm4c,Generated,2025-08-06T14:34:01.417965,Various,
https://irs-secure.com/verify?id=2927,Generated,2025-08-06T14:34:01.417985,Various,
https://apple-verify.com/account?token=hci9aetw,Generated,2025-08-06T14:34:01.417999,Various,
https://facebook-secure.com/login?token=1nl2grec,Generated,2025-08-06T14:34:01.418021,Various,
https://target-secure.com/update?token=on1it194,Generated,2025-08-06T14:34:01.418040,Various,
https://facebook-verify.com/login?verify=68450,Generated,2025-08-06T14:34:01.418054,Various,
https://usps-secure.com/verify?session=4G2502KIS6GL,Generated,2025-08-06T14:34:01.418073,Various,
https://usps-secure.com/verify?token=16l7czsn,Generated,2025-08-06T14:34:01.418095,Various,
https://linkedin-verify.com/account?id=6840,Generated,2025-08-06T14:34:01.418110,Various,
https://bankofamerica-verify.com/account?verify=50270,Generated,2025-08-06T14:34:01.418128,Various,
https://irs-verify.com/account?id=6004,Generated,2025-08-06T14:34:01.418145,Various,
https://microsoft-secure.com/update?token=uk9ovb7k,Generated,2025-08-06T14:34:01.418160,Various,
https://netflix-secure.com/update?token=gae8kz8w,Generated,2025-08-06T14:34:01.418175,Various,
https://irs-secure.com/verify?id=3382,Generated,2025-08-06T14:34:01.418192,Various,
https://instagram-secure.com/login?session=S9KKDEGYO549,Generated,2025-08-06T14:34:01.418207,Various,
https://microsoft-verify.com/update?id=8571,Generated,2025-08-06T14:34:01.418223,Various,
https://microsoft-secure.com/update?ref=666,Generated,2025-08-06T14:34:01.418235,Various,
https://usps-secure.com/verify?ref=373,Generated,2025-08-06T14:34:01.418248,Various,
https://gmail-secure.com/update?ref=528,Generated,2025-08-06T14:34:01.418266,Various,
https://amazon-verify.com/account?id=1604,Generated,2025-08-06T14:34:01.418284,Various,
https://apple-secure.com/verify?token=ovkuc8cl,Generated,2025-08-06T14:34:01.418303,Various,
https://twitter-secure.com/account?token=bsqeqord,Generated,2025-08-06T14:34:01.418317,Various,
https://chase-banking.com/secure/login?token=tekjefit,Generated,2025-08-06T14:34:01.418330,Various,
https://ssa-verify.com/update?token=eweeuthz,Generated,2025-08-06T14:34:01.418343,Various,
https://linkedin-verify.com/account?session=55NWWV6SVYPF,Generated,2025-08-06T14:34:01.418356,Various,
https://microsoft-verify.com/update?id=3748,Generated,2025-08-06T14:34:01.418373,Various,
https://netflix-secure.com/update?id=3201,Generated,2025-08-06T14:34:01.418391,Various,
https://irs-verify.com/account?ref=471,Generated,2025-08-06T14:34:01.418404,Various,
https://target-secure.com/update?id=5251,Generated,2025-08-06T14:34:01.418416,Various,
https://usps-secure.com/verify?ref=341,Generated,2025-08-06T14:34:01.418431,Various,
https://bankofamerica-verify.com/account?token=3q60lwlt,Generated,2025-08-06T14:34:01.418447,Various,
https://facebook-verify.com/login?ref=604,Generated,2025-08-06T14:34:01.418463,Various,
https://wellsfargo-secure.com/account/verify?token=n1v13lot,Generated,2025-08-06T14:34:01.418478,Various,
https://amazon-verify.com/account?session=39Q034T1Q7E5,Generated,2025-08-06T14:34:01.418500,Various,
https://microsoft-secure.com/update?verify=93339,Generated,2025-08-06T14:34:01.418532,Various,
https://instagram-verify.com/login?verify=33566,Generated,2025-08-06T14:34:01.418561,Various,
https://ssa-verify.com/update?id=6576,Generated,2025-08-06T14:34:01.418580,Various,
https://ebay-secure.com/update?session=QNWRX2FCEKNB,Generated,2025-08-06T14:34:01.418605,Various,
https://outlook-verify.com/account?id=7134,Generated,2025-08-06T14:34:01.418658,Various,
https://usps-secure.com/verify?session=D99A8AQ1C1D5,Generated,2025-08-06T14:34:01.418685,Various,
https://amazon-secure.com/verify?token=08wo40qe,Generated,2025-08-06T14:34:01.418705,Various,
https://hotmail-secure.com/update?id=4499,Generated,2025-08-06T14:34:01.418727,Various,
https://ebay-secure.com/update?id=3014,Generated,2025-08-06T14:34:01.418747,Various,
https://linkedin-verify.com/account?token=hw7ms44d,Generated,2025-08-06T14:34:01.418775,Various,
https://apple-secure.com/verify?id=9116,Generated,2025-08-06T14:34:01.418797,Various,
https://apple-verify.com/account?session=1OVT48Q9S82X,Generated,2025-08-06T14:34:01.418820,Various,
https://wellsfargo-verify.com/login?token=27gb2k31,Generated,2025-08-06T14:34:01.418844,Various,
https://ssa-verify.com/update?ref=376,Generated,2025-08-06T14:34:01.418873,Various,
https://ssa-verify.com/update?verify=49410,Generated,2025-08-06T14:34:01.418891,Various,
https://apple-verify.com/account?ref=902,Generated,2025-08-06T14:34:01.418907,Various,
https://yahoo-secure.com/verify?token=fjdp7i3z,Generated,2025-08-06T14:34:01.418928,Various,
https://netflix-secure.com/update?verify=83644,Generated,2025-08-06T14:34:01.418946,Various,
https://linkedin-verify.com/account?ref=563,Generated,2025-08-06T14:34:01.418965,Various,
https://outlook-secure.com/verify?session=ECXRYT3JW7CR,Generated,2025-08-06T14:34:01.418983,Various,
https://ebay-secure.com/update?id=5283,Generated,2025-08-06T14:34:01.419003,Various,
https://secure-login.chase-bank.com/verify?verify=26500,Generated,2025-08-06T14:34:01.419022,Various,
https://target-secure.com/update?token=e792q6zu,Generated,2025-08-06T14:34:01.419042,Various,
https://microsoft-verify.com/update?session=IPIH2H3PUYBL,Generated,2025-08-06T14:34:01.419069,Various,
https://apple-secure.com/verify?token=s2gco8xd,Generated,2025-08-06T14:34:01.419082,Various,
https://irs-secure.com/verify?verify=79487,Generated,2025-08-06T14:34:01.419112,Various,
https://secure-login.chase-bank.com/verify?id=8538,Generated,2025-08-06T14:34:01.419129,Various,
https://gmail-secure.com/update?id=5551,Generated,2025-08-06T14:34:01.419141,Various,
https://apple-secure.com/verify?ref=622,Generated,2025-08-06T14:34:01.419162,Various,
https://google-secure.com/verify?verify=99271,Generated,2025-08-06T14:34:01.419177,Various,
https://walmart-secure.com/verify?session=X3GGHOI555Y1,Generated,2025-08-06T14:34:01.419201,Various,
https://amazon-verify.com/account?ref=376,Generated,2025-08-06T14:34:01.419213,Various,
https://google-secure.com/verify?ref=808,Generated,2025-08-06T14:34:01.419225,Various,
https://target-secure.com/update?ref=581,Generated,2025-08-06T14:34:01.419237,Various,
https://secure-login.chase-bank.com/verify?session=5C40S7CVXYTM,Generated,2025-08-06T14:34:01.419249,Various,
https://ssa-verify.com/update?id=3816,Generated,2025-08-06T14:34:01.419261,Various,
https://outlook-secure.com/verify?verify=15289,Generated,2025-08-06T14:34:01.419279,Various,
https://facebook-secure.com/login?ref=636,Generated,2025-08-06T14:34:01.419298,Various,
https://irs-verify.com/account?token=y9s1wtmc,Generated,2025-08-06T14:34:01.419310,Various,
https://bankofamerica-verify.com/account?verify=83520,Generated,2025-08-06T14:34:01.419322,Various,
https://bankofamerica-verify.com/account?token=xicfsw09,Generated,2025-08-06T14:34:01.419333,Various,
https://wellsfargo-secure.com/account/verify?session=RG6FQ7C9CD1B,Generated,2025-08-06T14:34:01.419345,Various,
https://gmail-secure.com/update?ref=427,Generated,2025-08-06T14:34:01.419357,Various,
https://apple-verify.com/account?verify=60493,Generated,2025-08-06T14:34:01.419368,Various,
https://target-secure.com/update?verify=30044,Generated,2025-08-06T14:34:01.419381,Various,
https://instagram-secure.com/login?ref=168,Generated,2025-08-06T14:34:01.419393,Various,
https://amazon-secure.com/verify?id=2526,Generated,2025-08-06T14:34:01.419405,Various,
https://secure-login.chase-bank.com/verify?verify=99829,Generated,2025-08-06T14:34:01.419417,Various,
https://wellsfargo-secure.com/account/verify?ref=404,Generated,2025-08-06T14:34:01.419429,Various,
https://ssa-verify.com/update?verify=46880,Generated,2025-08-06T14:34:01.419442,Various,
https://gmail-verify.com/update?ref=785,Generated,2025-08-06T14:34:01.419455,Various,
https://yahoo-secure.com/verify?ref=213,Generated,2025-08-06T14:34:01.419466,Various,
https://instagram-verify.com/login?ref=951,Generated,2025-08-06T14:34:01.419478,Various,
https://outlook-secure.com/verify?ref=395,Generated,2025-08-06T14:34:01.419489,Various,
https://apple-verify.com/account?token=gbm9bcwn,Generated,2025-08-06T14:34:01.419501,Various,
https://irs-secure.com/verify?session=IUR5KOXDF9MR,Generated,2025-08-06T14:34:01.419513,Various,
https://dmv-secure.com/update?session=J6VX4HOHH5W7,Generated,2025-08-06T14:34:01.419525,Various,
https://twitter-secure.com/account?id=2940,Generated,2025-08-06T14:34:01.419536,Various,
https://target-secure.com/update?ref=114,Generated,2025-08-06T14:34:01.419549,Various,
https://paypal-secure.com/update?session=EIE7UGGRPPJ7,Generated,2025-08-06T14:34:01.419567,Various,
https://microsoft-verify.com/update?token=yu3x4que,Generated,2025-08-06T14:34:01.419579,Various,
https://ebay-secure.com/update?session=G0YT4UTI81NF,Generated,2025-08-06T14:34:01.419591,Various,
https://www.bankofamerica-secure.com/login?id=9633,Generated,2025-08-06T14:34:01.419610,Various,
https://instagram-secure.com/login?ref=555,Generated,2025-08-06T14:34:01.419621,Various,
https://google-secure.com/verify?ref=345,Generated,2025-08-06T14:34:01.419633,Various,
https://facebook-verify.com/login?ref=494,Generated,2025-08-06T14:34:01.419645,Various,
https://outlook-verify.com/account?verify=27034,Generated,2025-08-06T14:34:01.419658,Various,
https://outlook-secure.com/verify?session=1KMYJ3NOVTDJ,Generated,2025-08-06T14:34:01.419836,Various,
https://gmail-secure.com/update?session=WQOTESSDODR2,Generated,2025-08-06T14:34:01.419858,Various,
https://target-secure.com/update?id=6796,Generated,2025-08-06T14:34:01.419875,Various,
https://target-secure.com/update?ref=502,Generated,2025-08-06T14:34:01.419890,Various,
https://linkedin-verify.com/account?verify=56530,Generated,2025-08-06T14:34:01.419904,Various,
https://usps-secure.com/verify?token=aoggn90s,Generated,2025-08-06T14:34:01.419916,Various,
https://gmail-verify.com/update?session=YTHIKDS52ES2,Generated,2025-08-06T14:34:01.419938,Various,
https://gmail-verify.com/update?verify=57708,Generated,2025-08-06T14:34:01.419955,Various,
https://facebook-secure.com/login?ref=606,Generated,2025-08-06T14:34:01.419969,Various,
https://facebook-secure.com/login?verify=53361,Generated,2025-08-06T14:34:01.419984,Various,
https://paypal-secure.com/update?verify=33172,Generated,2025-08-06T14:34:01.419996,Various,
https://yahoo-secure.com/verify?session=T7BHEXEM421G,Generated,2025-08-06T14:34:01.420009,Various,
https://amazon-secure.com/verify?ref=956,Generated,2025-08-06T14:34:01.420020,Various,
https://apple-secure.com/verify?id=5298,Generated,2025-08-06T14:34:01.420032,Various,
https://ebay-secure.com/update?session=1ZO6M50M9YWQ,Generated,2025-08-06T14:34:01.420043,Various,
https://hotmail-secure.com/update?ref=595,Generated,2025-08-06T14:34:01.420055,Various,
https://gmail-verify.com/update?id=5800,Generated,2025-08-06T14:34:01.420067,Various,
https://netflix-secure.com/update?ref=293,Generated,2025-08-06T14:34:01.420078,Various,
https://apple-secure.com/verify?ref=621,Generated,2025-08-06T14:34:01.420090,Various,
https://yahoo-secure.com/verify?ref=690,Generated,2025-08-06T14:34:01.420102,Various,
https://gmail-secure.com/update?session=8154PDHN3MOI,Generated,2025-08-06T14:34:01.420113,Various,
https://apple-secure.com/verify?ref=507,Generated,2025-08-06T14:34:01.420126,Various,
https://paypal-secure.com/update?id=6516,Generated,2025-08-06T14:34:01.420137,Various,
https://amazon-verify.com/account?token=ko34biki,Generated,2025-08-06T14:34:01.420149,Various,
https://linkedin-verify.com/account?token=lpxyhhaq,Generated,2025-08-06T14:34:01.420161,Various,
https://microsoft-verify.com/update?token=xhxn2pwi,Generated,2025-08-06T14:34:01.420173,Various,
https://microsoft-verify.com/update?token=z63okved,Generated,2025-08-06T14:34:01.420184,Various,
https://outlook-secure.com/verify?ref=390,Generated,2025-08-06T14:34:01.420198,Various,
https://apple-secure.com/verify?session=VBRFZNFV53PU,Generated,2025-08-06T14:34:01.420210,Various,
https://chase-banking.com/secure/login?session=R5UAA72CTFZJ,Generated,2025-08-06T14:34:01.420222,Various,
https://walmart-secure.com/verify?id=8161,Generated,2025-08-06T14:34:01.420233,Various,
https://outlook-secure.com/verify?session=BL1326O8DDMH,Generated,2025-08-06T14:34:01.420245,Various,
https://dmv-secure.com/update?verify=42941,Generated,2025-08-06T14:34:01.420257,Various,
https://microsoft-verify.com/update?verify=68219,Generated,2025-08-06T14:34:01.420270,Various,
https://ebay-verify.com/update?ref=818,Generated,2025-08-06T14:34:01.420284,Various,
https://usps-secure.com/verify?id=8334,Generated,2025-08-06T14:34:01.420295,Various,
https://netflix-secure.com/update?token=ywvq9qr3,Generated,2025-08-06T14:34:01.420308,Various,
https://hotmail-secure.com/update?verify=29599,Generated,2025-08-06T14:34:01.420320,Various,
https://hotmail-secure.com/update?ref=841,Generated,2025-08-06T14:34:01.420332,Various,
https://apple-verify.com/account?ref=984,Generated,2025-08-06T14:34:01.420343,Various,
https://microsoft-secure.com/update?verify=24065,Generated,2025-08-06T14:34:01.420355,Various,
https://gmail-secure.com/update?id=3118,Generated,2025-08-06T14:34:01.420367,Various,
https://amazon-secure.com/verify?id=6874,Generated,2025-08-06T14:34:01.420378,Various,
https://apple-verify.com/account?token=i1chwz50,Generated,2025-08-06T14:34:01.420390,Various,
https://walmart-secure.com/verify?ref=394,Generated,2025-08-06T14:34:01.420402,Various,
https://bankofamerica-verify.com/account?session=80N6QJDPULAW,Generated,2025-08-06T14:34:01.420414,Various,
https://instagram-secure.com/login?id=7023,Generated,2025-08-06T14:34:01.420425,Various,
https://linkedin-verify.com/account?ref=935,Generated,2025-08-06T14:34:01.420439,Various,
https://twitter-secure.com/account?token=4rwxrazr,Generated,2025-08-06T14:34:01.420450,Various,
https://outlook-secure.com/verify?token=im6jt3sw,Generated,2025-08-06T14:34:01.420462,Various,
https://target-secure.com/update?ref=914,Generated,2025-08-06T14:34:01.420473,Various,
https://irs-verify.com/account?id=6393,Generated,2025-08-06T14:34:01.420487,Various,
https://gmail-verify.com/update?token=dnimnkk1,Generated,2025-08-06T14:34:01.420498,Various,
https://chase-banking.com/secure/login?verify=87108,Generated,2025-08-06T14:34:01.420512,Various,
https://amazon-secure.com/verify?id=7800,Generated,2025-08-06T14:34:01.420524,Various,
https://outlook-secure.com/verify?id=7306,Generated,2025-08-06T14:34:01.420535,Various,
https://instagram-verify.com/login?id=9452,Generated,2025-08-06T14:34:01.420547,Various,
https://apple-verify.com/account?token=53kx3vu9,Generated,2025-08-06T14:34:01.420558,Various,
https://amazon-verify.com/account?token=d3ose932,Generated,2025-08-06T14:34:01.420570,Various,
https://ebay-verify.com/update?verify=54351,Generated,2025-08-06T14:34:01.420582,Various,
https://yahoo-secure.com/verify?verify=98603,Generated,2025-08-06T14:34:01.420596,Various,
https://dmv-secure.com/update?id=5514,Generated,2025-08-06T14:34:01.420606,Various,
https://microsoft-verify.com/update?ref=765,Generated,2025-08-06T14:34:01.420617,Various,
https://microsoft-secure.com/update?ref=344,Generated,2025-08-06T14:34:01.420628,Various,
https://gmail-secure.com/update?token=y9t3jwjt,Generated,2025-08-06T14:34:01.420639,Various,
https://ssa-secure.com/update?verify=85116,Generated,2025-08-06T14:34:01.420653,Various,
https://apple-verify.com/account?ref=396,Generated,2025-08-06T14:34:01.420664,Various,
https://wellsfargo-verify.com/login?session=H8OHAVSY7TKY,Generated,2025-08-06T14:34:01.420675,Various,
https://microsoft-secure.com/update?token=kdqvabzo,Generated,2025-08-06T14:34:01.420686,Various,
https://instagram-verify.com/login?session=2TNQT8CUGP6I,Generated,2025-08-06T14:34:01.420697,Various,
https://paypal-secure.com/update?session=99NKO99UB0KE,Generated,2025-08-06T14:34:01.420707,Various,
https://dmv-secure.com/update?token=k1bu0kif,Generated,2025-08-06T14:34:01.420718,Various,
https://target-secure.com/update?id=9497,Generated,2025-08-06T14:34:01.420729,Various,
https://paypal-verify.com/update?ref=349,Generated,2025-08-06T14:34:01.420742,Various,
https://outlook-secure.com/verify?verify=44730,Generated,2025-08-06T14:34:01.420752,Various,
https://linkedin-verify.com/account?ref=512,Generated,2025-08-06T14:34:01.420764,Various,
https://www.twitter-verify.com/account?session=DDI7FGV52L5L,Generated,2025-08-06T14:34:01.420774,Various,
https://ssa-secure.com/update?token=h8xqa8wc,Generated,2025-08-06T14:34:01.420785,Various,
https://www.bankofamerica-secure.com/login?token=ofgewlyn,Generated,2025-08-06T14:34:01.420798,Various,
https://yahoo-secure.com/verify?token=g3tboyb7,Generated,2025-08-06T14:34:01.420809,Various,
https://netflix-secure.com/update?id=7692,Generated,2025-08-06T14:34:01.420820,Various,
https://twitter-secure.com/account?session=WY5BGIUQ07H8,Generated,2025-08-06T14:34:01.420831,Various,
https://irs-verify.com/account?token=0p6ze6sb,Generated,2025-08-06T14:34:01.420842,Various,
https://amazon-secure.com/verify?session=WL25VCUBTDDO,Generated,2025-08-06T14:34:01.420853,Various,
https://outlook-verify.com/account?ref=851,Generated,2025-08-06T14:34:01.420864,Various,
https://outlook-verify.com/account?token=qma4giow,Generated,2025-08-06T14:34:01.420875,Various,
https://facebook-verify.com/login?session=V5R86KTAW5YA,Generated,2025-08-06T14:34:01.420887,Various,
https://instagram-verify.com/login?ref=235,Generated,2025-08-06T14:34:01.420898,Various,
https://bankofamerica-verify.com/account?token=cc8lbiuq,Generated,2025-08-06T14:34:01.420909,Various,
https://microsoft-secure.com/update?verify=82648,Generated,2025-08-06T14:34:01.420920,Various,
https://paypal-verify.com/update?id=4099,Generated,2025-08-06T14:34:01.420931,Various,
https://instagram-verify.com/login?verify=79808,Generated,2025-08-06T14:34:01.420944,Various,
https://paypal-secure.com/update?id=7864,Generated,2025-08-06T14:34:01.420956,Various,
https://target-secure.com/update?ref=459,Generated,2025-08-06T14:34:01.420967,Various,
https://www.bankofamerica-secure.com/login?session=9OS64OYRB2UN,Generated,2025-08-06T14:34:01.420978,Various,
https://netflix-secure.com/update?id=9394,Generated,2025-08-06T14:34:01.420989,Various,
https://irs-verify.com/account?token=y7h1nnc7,Generated,2025-08-06T14:34:01.421002,Various,
https://amazon-secure.com/verify?token=6rhw8d2t,Generated,2025-08-06T14:34:01.421013,Various,
https://paypal-verify.com/update?verify=49752,Generated,2025-08-06T14:34:01.421025,Various,
https://wellsfargo-verify.com/login?ref=362,Generated,2025-08-06T14:34:01.421036,Various,
https://outlook-verify.com/account?session=EIA2DHIUWUC3,Generated,2025-08-06T14:34:01.421051,Various,
https://ssa-secure.com/update?id=4036,Generated,2025-08-06T14:34:01.421070,Various,
https://hotmail-secure.com/update?token=px4du65d,Generated,2025-08-06T14:34:01.421086,Various,
https://bankofamerica-verify.com/account?session=3G6J44686V3N,Generated,2025-08-06T14:34:01.421097,Various,
https://usps-secure.com/verify?token=n35ahjdv,Generated,2025-08-06T14:34:01.421108,Various,
https://gmail-secure.com/update?verify=71503,Generated,2025-08-06T14:34:01.421119,Various,
https://apple-secure.com/verify?ref=563,Generated,2025-08-06T14:34:01.421131,Various,
https://facebook-verify.com/login?session=AMIXXV62UB45,Generated,2025-08-06T14:34:01.421146,Various,
https://target-secure.com/update?session=2W27JOECC6ZV,Generated,2025-08-06T14:34:01.421157,Various,
https://ebay-verify.com/update?token=vuijf0gs,Generated,2025-08-06T14:34:01.421173,Various,
https://www.twitter-verify.com/account?verify=28664,Generated,2025-08-06T14:34:01.421184,Various,
https://paypal-secure.com/update?verify=34474,Generated,2025-08-06T14:34:01.421200,Various,
https://gmail-secure.com/update?ref=971,Generated,2025-08-06T14:34:01.421211,Various,
https://amazon-secure.com/verify?id=7028,Generated,2025-08-06T14:34:01.421223,Various,
https://wellsfargo-secure.com/account/verify?session=2AYCUG5AMSG9,Generated,2025-08-06T14:34:01.421234,Various,
https://paypal-verify.com/update?id=6987,Generated,2025-08-06T14:34:01.421250,Various,
https://gmail-secure.com/update?id=9293,Generated,2025-08-06T14:34:01.421261,Various,
https://irs-secure.com/verify?token=2w70z2ox,Generated,2025-08-06T14:34:01.421277,Various,
https://usps-secure.com/verify?session=WED11GOBSUQV,Generated,2025-08-06T14:34:01.421288,Various,
https://instagram-verify.com/login?ref=305,Generated,2025-08-06T14:34:01.421300,Various,
https://irs-verify.com/account?session=RWABILOJ6DEU,Generated,2025-08-06T14:34:01.421311,Various,
https://irs-secure.com/verify?ref=207,Generated,2025-08-06T14:34:01.421322,Various,
https://twitter-secure.com/account?session=HJDSZ9K8BQ5P,Generated,2025-08-06T14:34:01.421333,Various,
https://amazon-verify.com/account?ref=486,Generated,2025-08-06T14:34:01.421344,Various,
https://instagram-secure.com/login?verify=16913,Generated,2025-08-06T14:34:01.421356,Various,
https://instagram-verify.com/login?verify=42270,Generated,2025-08-06T14:34:01.421367,Various,
https://bankofamerica-verify.com/account?session=C1IJDP5BGACR,Generated,2025-08-06T14:34:01.421379,Various,
https://target-secure.com/update?token=wnl7e1l7,Generated,2025-08-06T14:34:01.421391,Various,
https://yahoo-secure.com/verify?id=4939,Generated,2025-08-06T14:34:01.421404,Various,
https://ssa-verify.com/update?id=8122,Generated,2025-08-06T14:34:01.421415,Various,
https://hotmail-secure.com/update?id=1874,Generated,2025-08-06T14:34:01.421426,Various,
https://microsoft-verify.com/update?ref=898,Generated,2025-08-06T14:34:01.421437,Various,
https://ssa-secure.com/update?verify=11516,Generated,2025-08-06T14:34:01.421448,Various,
https://netflix-secure.com/update?session=1ADZ8WM9ZBIS,Generated,2025-08-06T14:34:01.421459,Various,
https://microsoft-secure.com/update?token=o27mq0pi,Generated,2025-08-06T14:34:01.421470,Various,
https://wellsfargo-secure.com/account/verify?session=DLCLFBFKZYHT,Generated,2025-08-06T14:34:01.421482,Various,
https://target-secure.com/update?id=6735,Generated,2025-08-06T14:34:01.421493,Various,
https://paypal-secure.com/update?ref=490,Generated,2025-08-06T14:34:01.421504,Various,
https://instagram-secure.com/login?id=5046,Generated,2025-08-06T14:34:01.421515,Various,
https://facebook-secure.com/login?id=5324,Generated,2025-08-06T14:34:01.421528,Various,
https://chase-banking.com/secure/login?id=8962,Generated,2025-08-06T14:34:01.421539,Various,
https://usps-secure.com/verify?ref=383,Generated,2025-08-06T14:34:01.421551,Various,
https://ebay-secure.com/update?id=6789,Generated,2025-08-06T14:34:01.421563,Various,
https://google-secure.com/verify?session=BCA42D0AQDMZ,Generated,2025-08-06T14:34:01.421574,Various,
https://yahoo-secure.com/verify?ref=168,Generated,2025-08-06T14:34:01.421585,Various,
https://chase-banking.com/secure/login?session=DK8QZ9K9PPBQ,Generated,2025-08-06T14:34:01.421596,Various,
https://secure-login.chase-bank.com/verify?session=2WD6MEFAEK8G,Generated,2025-08-06T14:34:01.421608,Various,
https://amazon-verify.com/account?id=8727,Generated,2025-08-06T14:34:01.421618,Various,
https://bankofamerica-verify.com/account?token=byon8ox4,Generated,2025-08-06T14:34:01.421630,Various,
https://instagram-verify.com/login?id=2718,Generated,2025-08-06T14:34:01.421641,Various,
https://amazon-verify.com/account?session=GZN5KYIX9C0Z,Generated,2025-08-06T14:34:01.421652,Various,
https://twitter-secure.com/account?id=2509,Generated,2025-08-06T14:34:01.421663,Various,
https://instagram-secure.com/login?verify=30562,Generated,2025-08-06T14:34:01.421676,Various,
https://secure-login.chase-bank.com/verify?verify=70815,Generated,2025-08-06T14:34:01.421687,Various,
https://gmail-verify.com/update?token=uu9kfnab,Generated,2025-08-06T14:34:01.421700,Various,
https://www.bankofamerica-secure.com/login?id=7744,Generated,2025-08-06T14:34:01.421711,Various,
https://ssa-secure.com/update?session=TC109UWZT853,Generated,2025-08-06T14:34:01.421722,Various,
https://instagram-secure.com/login?verify=61443,Generated,2025-08-06T14:34:01.421733,Various,
https://target-secure.com/update?id=6842,Generated,2025-08-06T14:34:01.421748,Various,
https://apple-secure.com/verify?id=4113,Generated,2025-08-06T14:34:01.421759,Various,
https://chase-banking.com/secure/login?session=4YNGC3S4Y5SP,Generated,2025-08-06T14:34:01.421772,Various,
https://bankofamerica-verify.com/account?token=43ax9lte,Generated,2025-08-06T14:34:01.421783,Various,
https://wellsfargo-secure.com/account/verify?id=7814,Generated,2025-08-06T14:34:01.421794,Various,
https://irs-secure.com/verify?token=fgehqgj4,Generated,2025-08-06T14:34:01.421806,Various,
https://wellsfargo-verify.com/login?verify=21093,Generated,2025-08-06T14:34:01.421817,Various,
https://paypal-verify.com/update?token=3tig9psv,Generated,2025-08-06T14:34:01.421829,Various,
https://wellsfargo-secure.com/account/verify?session=R9R2KL8CD34Y,Generated,2025-08-06T14:34:01.421839,Various,
https://walmart-secure.com/verify?session=E305BVJGVNBW,Generated,2025-08-06T14:34:01.421851,Various,
https://instagram-verify.com/login?id=1175,Generated,2025-08-06T14:34:01.421861,Various,
https://www.twitter-verify.com/account?verify=60017,Generated,2025-08-06T14:34:01.421872,Various,
https://irs-verify.com/account?token=5uuo771b,Generated,2025-08-06T14:34:01.421884,Various,
https://walmart-secure.com/verify?verify=19439,Generated,2025-08-06T14:34:01.421895,Various,
https://walmart-secure.com/verify?session=LKKVPXGT2KVD,Generated,2025-08-06T14:34:01.421905,Various,
https://gmail-secure.com/update?ref=298,Generated,2025-08-06T14:34:01.421916,Various,
https://walmart-secure.com/verify?session=X3XFF7FB3TN7,Generated,2025-08-06T14:34:01.421927,Various,
https://gmail-verify.com/update?ref=597,Generated,2025-08-06T14:34:01.421938,Various,
https://gmail-secure.com/update?session=1PRHJPGGIF85,Generated,2025-08-06T14:34:01.421950,Various,
https://gmail-secure.com/update?id=7445,Generated,2025-08-06T14:34:01.421961,Various,
https://dmv-secure.com/update?ref=620,Generated,2025-08-06T14:34:01.421987,Various,
https://ssa-verify.com/update?session=9RFYYWAE0FA5,Generated,2025-08-06T14:34:01.421998,Various,
https://secure-login.chase-bank.com/verify?token=b66d7ci8,Generated,2025-08-06T14:34:01.422008,Various,
https://microsoft-verify.com/update?verify=60098,Generated,2025-08-06T14:34:01.422020,Various,
https://google-secure.com/verify?verify=94050,Generated,2025-08-06T14:34:01.422034,Various,
https://wellsfargo-verify.com/login?verify=60605,Generated,2025-08-06T14:34:01.422046,Various,
https://gmail-secure.com/update?token=bs40hjut,Generated,2025-08-06T14:34:01.422059,Various,
https://microsoft-verify.com/update?token=x87n3c2g,Generated,2025-08-06T14:34:01.422073,Various,
https://outlook-verify.com/account?session=HCX0CFGTRKFM,Generated,2025-08-06T14:34:01.422084,Various,
https://walmart-secure.com/verify?ref=583,Generated,2025-08-06T14:34:01.422101,Various,
https://paypal-verify.com/update?token=3zna98o2,Generated,2025-08-06T14:34:01.422115,Various,
https://twitter-secure.com/account?id=8343,Generated,2025-08-06T14:34:01.422128,Various,
https://www.bankofamerica-secure.com/login?token=uw75yl8j,Generated,2025-08-06T14:34:01.422141,Various,
https://bankofamerica-verify.com/account?id=6141,Generated,2025-08-06T14:34:01.422153,Various,
https://outlook-secure.com/verify?token=3c90674w,Generated,2025-08-06T14:34:01.422172,Various,
https://chase-banking.com/secure/login?session=BK6QD4KRJARN,Generated,2025-08-06T14:34:01.422183,Various,
https://ssa-secure.com/update?session=AU4CHJDF9TXW,Generated,2025-08-06T14:34:01.422194,Various,
https://usps-secure.com/verify?id=3297,Generated,2025-08-06T14:34:01.422205,Various,
https://wellsfargo-secure.com/account/verify?verify=93202,Generated,2025-08-06T14:34:01.422216,Various,
https://linkedin-verify.com/account?ref=272,Generated,2025-08-06T14:34:01.422226,Various,
https://gmail-verify.com/update?ref=398,Generated,2025-08-06T14:34:01.422237,Various,
https://wellsfargo-secure.com/account/verify?session=9URZX1NEO440,Generated,2025-08-06T14:34:01.422248,Various,
https://target-secure.com/update?token=rkx0x0ro,Generated,2025-08-06T14:34:01.422259,Various,
https://outlook-secure.com/verify?token=6hxdhynm,Generated,2025-08-06T14:34:01.422275,Various,
https://ssa-verify.com/update?token=l4jg3l2a,Generated,2025-08-06T14:34:01.422286,Various,
https://linkedin-verify.com/account?ref=837,Generated,2025-08-06T14:34:01.422297,Various,
https://secure-login.chase-bank.com/verify?token=eoehnao2,Generated,2025-08-06T14:34:01.422312,Various,
https://secure-login.chase-bank.com/verify?id=9329,Generated,2025-08-06T14:34:01.422325,Various,
https://ssa-secure.com/update?ref=947,Generated,2025-08-06T14:34:01.422339,Various,
https://instagram-verify.com/login?ref=114,Generated,2025-08-06T14:34:01.422352,Various,
https://www.bankofamerica-secure.com/login?ref=792,Generated,2025-08-06T14:34:01.422363,Various,
https://irs-verify.com/account?verify=87819,Generated,2025-08-06T14:34:01.422374,Various,
https://ebay-secure.com/update?token=zuicxlw2,Generated,2025-08-06T14:34:01.422385,Various,
https://yahoo-secure.com/verify?ref=658,Generated,2025-08-06T14:34:01.422397,Various,
https://amazon-verify.com/account?ref=566,Generated,2025-08-06T14:34:01.422410,Various,
https://www.twitter-verify.com/account?token=nruvta6o,Generated,2025-08-06T14:34:01.422423,Various,
https://outlook-verify.com/account?token=p17basx3,Generated,2025-08-06T14:34:01.422434,Various,
https://walmart-secure.com/verify?verify=15839,Generated,2025-08-06T14:34:01.422445,Various,
https://apple-verify.com/account?verify=97383,Generated,2025-08-06T14:34:01.422460,Various,
https://dmv-secure.com/update?verify=38553,Generated,2025-08-06T14:34:01.422471,Various,
https://apple-verify.com/account?ref=556,Generated,2025-08-06T14:34:01.422491,Various,
https://amazon-verify.com/account?ref=404,Generated,2025-08-06T14:34:01.422502,Various,
https://dmv-secure.com/update?id=2223,Generated,2025-08-06T14:34:01.422513,Various,
https://www.bankofamerica-secure.com/login?id=5740,Generated,2025-08-06T14:34:01.422524,Various,
https://amazon-verify.com/account?verify=64192,Generated,2025-08-06T14:34:01.422535,Various,
https://www.twitter-verify.com/account?verify=36618,Generated,2025-08-06T14:34:01.422547,Various,
https://facebook-verify.com/login?id=6344,Generated,2025-08-06T14:34:01.422558,Various,
https://chase-banking.com/secure/login?session=J5DROFAS2P5A,Generated,2025-08-06T14:34:01.422569,Various,
https://irs-secure.com/verify?id=9087,Generated,2025-08-06T14:34:01.422580,Various,
https://gmail-secure.com/update?token=jxrrm50j,Generated,2025-08-06T14:34:01.422591,Various,
https://facebook-verify.com/login?token=de72qm7a,Generated,2025-08-06T14:34:01.422602,Various,
https://paypal-secure.com/update?ref=460,Generated,2025-08-06T14:34:01.422613,Various,
https://facebook-verify.com/login?session=2QUUZNSMDN76,Generated,2025-08-06T14:34:01.422625,Various,
https://bankofamerica-verify.com/account?id=3681,Generated,2025-08-06T14:34:01.422637,Various,
https://instagram-verify.com/login?session=8JYMV4OGPL48,Generated,2025-08-06T14:34:01.422650,Various,
https://yahoo-secure.com/verify?verify=32211,Generated,2025-08-06T14:34:01.422661,Various,
https://netflix-secure.com/update?ref=778,Generated,2025-08-06T14:34:01.422673,Various,
https://apple-secure.com/verify?verify=22325,Generated,2025-08-06T14:34:01.422684,Various,
https://facebook-verify.com/login?id=9888,Generated,2025-08-06T14:34:01.422695,Various,
https://netflix-secure.com/update?session=D1DPBDO02DUN,Generated,2025-08-06T14:34:01.422706,Various,
https://hotmail-secure.com/update?session=SBN0DCGMAW2V,Generated,2025-08-06T14:34:01.422716,Various,
https://hotmail-secure.com/update?ref=724,Generated,2025-08-06T14:34:01.422728,Various,
https://irs-secure.com/verify?verify=76731,Generated,2025-08-06T14:34:01.422739,Various,
https://linkedin-verify.com/account?id=5797,Generated,2025-08-06T14:34:01.422750,Various,
https://amazon-verify.com/account?session=12KUTIIYYT3D,Generated,2025-08-06T14:34:01.422761,Various,
https://outlook-verify.com/account?session=WCQPRXUVD73A,Generated,2025-08-06T14:34:01.422772,Various,
https://ebay-secure.com/update?ref=956,Generated,2025-08-06T14:34:01.422784,Various,
https://irs-secure.com/verify?ref=743,Generated,2025-08-06T14:34:01.422795,Various,
https://irs-secure.com/verify?session=V4BY8G815HRH,Generated,2025-08-06T14:34:01.422808,Various,
https://www.bankofamerica-secure.com/login?verify=11757,Generated,2025-08-06T14:34:01.422819,Various,
https://netflix-secure.com/update?id=5638,Generated,2025-08-06T14:34:01.422829,Various,
https://ebay-secure.com/update?token=rj1dfd8k,Generated,2025-08-06T14:34:01.422841,Various,
https://netflix-secure.com/update?verify=94776,Generated,2025-08-06T14:34:01.422852,Various,
https://gmail-verify.com/update?verify=47701,Generated,2025-08-06T14:34:01.422863,Various,
https://dmv-secure.com/update?verify=73518,Generated,2025-08-06T14:34:01.422874,Various,
https://amazon-secure.com/verify?verify=22495,Generated,2025-08-06T14:34:01.422885,Various,
https://facebook-secure.com/login?session=8W2Z86OHBE4V,Generated,2025-08-06T14:34:01.422896,Various,
https://ebay-secure.com/update?id=9963,Generated,2025-08-06T14:34:01.422909,Various,
https://dmv-secure.com/update?session=B56B4OL2YUDN,Generated,2025-08-06T14:34:01.422919,Various,
https://facebook-verify.com/login?ref=887,Generated,2025-08-06T14:34:01.422932,Various,
https://linkedin-verify.com/account?verify=96262,Generated,2025-08-06T14:34:01.422943,Various,
https://microsoft-secure.com/update?token=5dl9fp5p,Generated,2025-08-06T14:34:01.422954,Various,
https://amazon-secure.com/verify?token=nr9sgu5v,Generated,2025-08-06T14:34:01.422965,Various,
https://ebay-verify.com/update?session=0ITF823TMVN7,Generated,2025-08-06T14:34:01.422976,Various,
https://paypal-secure.com/update?ref=794,Generated,2025-08-06T14:34:01.422987,Various,
https://bankofamerica-verify.com/account?ref=995,Generated,2025-08-06T14:34:01.422998,Various,
https://amazon-verify.com/account?session=MT9NNWD0YKDV,Generated,2025-08-06T14:34:01.423009,Various,
https://ebay-verify.com/update?session=WFMUO9QRJDHJ,Generated,2025-08-06T14:34:01.423019,Various,
https://gmail-secure.com/update?token=fryszw62,Generated,2025-08-06T14:34:01.423030,Various,
https://chase-banking.com/secure/login?session=AEXUPFZWYP25,Generated,2025-08-06T14:34:01.423042,Various,
https://instagram-secure.com/login?id=6591,Generated,2025-08-06T14:34:01.423054,Various,
https://gmail-secure.com/update?id=9373,Generated,2025-08-06T14:34:01.423067,Various,
https://usps-secure.com/verify?session=4XN2TFPEWKDN,Generated,2025-08-06T14:34:01.423079,Various,
https://twitter-secure.com/account?session=9GJ31WV8DPPO,Generated,2025-08-06T14:34:01.423090,Various,
https://ebay-verify.com/update?session=22CR74EH06MK,Generated,2025-08-06T14:34:01.423102,Various,
https://hotmail-secure.com/update?id=2078,Generated,2025-08-06T14:34:01.423113,Various,
https://yahoo-secure.com/verify?id=3803,Generated,2025-08-06T14:34:01.423124,Various,
https://usps-secure.com/verify?session=MBOE5WZCIWJ1,Generated,2025-08-06T14:34:01.423135,Various,
https://gmail-verify.com/update?id=8501,Generated,2025-08-06T14:34:01.423146,Various,
https://www.bankofamerica-secure.com/login?token=nypzm82r,Generated,2025-08-06T14:34:01.423159,Various,
https://facebook-secure.com/login?ref=219,Generated,2025-08-06T14:34:01.423169,Various,
https://apple-verify.com/account?id=2548,Generated,2025-08-06T14:34:01.423181,Various,
https://chase-banking.com/secure/login?verify=25610,Generated,2025-08-06T14:34:01.423192,Various,
https://apple-secure.com/verify?session=LS5KQHLWJVH8,Generated,2025-08-06T14:34:01.423203,Various,
https://facebook-verify.com/login?ref=820,Generated,2025-08-06T14:34:01.423216,Various,
https://www.bankofamerica-secure.com/login?id=1645,Generated,2025-08-06T14:34:01.423228,Various,
https://apple-verify.com/account?ref=824,Generated,2025-08-06T14:34:01.423239,Various,
